title,type,rated,year,added_at,genre,language,country,imdb_rating
10 Things I Hate About You,movie,PG-13,1999,"November 12, 2019","Comedy, Drama, Romance","English, French",USA,7.3
101 Dalmatians,movie,G,1996,"November 12, 2019","Adventure, Comedy, Crime, Family","English, Spanish","USA, UK",5.7
101 Dalmatians 2: Patch's London Adventure,movie,G,2002,"November 12, 2019","Animation, Adventure, Comedy, Family, Musical",English,USA,5.8
102 Dalmatians,movie,G,2000,"November 12, 2019","Adventure, Comedy, Family",English,"USA, UK",4.9
12 Dates of Christmas,movie,PG,2011,"November 12, 2019","Comedy, Fantasy, Romance",English,USA,6.3
"20,000 Leagues Under the Sea",movie,G,1954,"November 12, 2019","Adventure, Drama, Family, Fantasy, Sci-Fi",English,USA,7.2
A Bug's Life,movie,G,1998,"November 12, 2019","Animation, Adventure, Comedy, Family",English,USA,7.2
A Goofy Movie,movie,G,1995,"November 12, 2019","Animation, Adventure, Comedy, Family, Musical, Romance",English,"USA, Australia, France, Canada",6.8
A Kid in King Arthur's Court,movie,PG,1995,"November 12, 2019","Adventure, Comedy, Family, Fantasy, Romance",English,"USA, Hungary, UK",4.7
A Knight for a Day,movie,APPROVED,1946,"November 12, 2019","Animation, Short, Comedy",English,USA,7.0
A Ring of Endless Light,movie,TV-G,2002,"November 12, 2019","Drama, Family, Romance",English,USA,6.1
A Tale of Two Critters,movie,G,1977,"April 3, 2020","Adventure, Family",English,USA,7.1
A Wrinkle in Time,movie,PG,2018,"March 25, 2020","Adventure, Family, Fantasy, Sci-Fi",English,USA,4.2
Aladdin,movie,PG,2019,"January 8, 2020","Adventure, Family, Fantasy, Musical, Romance","English, Arabic",USA,7.0
Aladdin,movie,G,1992,"November 12, 2019","Animation, Adventure, Comedy, Family, Fantasy, Musical, Romance",English,USA,8.0
Aladdin and the King of Thieves,movie,Not Rated,1996,"November 12, 2019","Animation, Adventure, Comedy, Family, Fantasy, Musical, Romance",English,USA,6.4
Aladdin and the Return of Jafar,movie,G,1994,"November 12, 2019","Animation, Adventure, Comedy, Family, Fantasy, Musical, Romance",English,USA,5.9
Alice in Wonderland,movie,G,1951,"November 12, 2019","Animation, Adventure, Family, Fantasy, Musical",English,USA,7.4
Alice in Wonderland,movie,PG,2010,"November 12, 2019","Adventure, Family, Fantasy",English,USA,6.4
Aliens of the Deep,movie,G,2005,"November 12, 2019","Documentary, Family",English,USA,6.4
All in a Nutshell,movie,Approved,1949,"April 3, 2020","Family, Comedy, Animation, Short",English,USA,7.6
Alley Cats Strike,movie,TV-G,2000,"November 12, 2019","Drama, Family, Sport",English,"USA, Canada",6.2
Almost Angels,movie,Not Rated,1962,"November 12, 2019","Comedy, Family, Music",English,USA,7.1
America's Funniest Home Videos,series,TV-PG,1989–,"April 24, 2020","Comedy, Family, Reality-TV",English,USA,6.2
America's Heart & Soul,movie,PG,2004,"November 12, 2019",Documentary,English,USA,4.8
America's National Parks,series,TV-G,2015–,"January 15, 2020",Documentary,English,USA,7.9
Amy,movie,G,1981,"November 12, 2019","Family, Drama","English, American Sign Language",USA,6.6
An Extremely Goofy Movie,movie,G,2000,"November 12, 2019","Animation, Comedy, Family, Sport",English,"USA, Australia",6.4
Andi Mack,series,TV-G,2017–2019,"November 12, 2019","Comedy, Family",English,USA,7.3
Annie,movie,UNRATED,1999,"November 12, 2019","Family, Comedy, Musical",English,USA,6.7
Apollo: Missions to the Moon,movie,Not Rated,2019,"November 12, 2019",History,English,USA,7.7
Around the World in 80 Days,movie,PG,2004,"February 1, 2020","Action, Adventure, Comedy, Family, Western","English, Cantonese, French, German, Hindi, Turkish","USA, Germany, Ireland, UK",5.9
Atlantis: Milo's Return,movie,G,2003,"November 12, 2019","Animation, Action, Adventure, Comedy, Drama, Family, Fantasy, Sci-Fi","Norwegian, English",USA,5.1
Atlantis: The Lost Empire,movie,PG,2001,"November 12, 2019","Animation, Action, Adventure, Family, Fantasy, Sci-Fi","English, French, Spanish",USA,6.9
Austin & Ally,series,TV-G,2011–2016,"January 1, 2020","Comedy, Family, Music",English,USA,5.9
Avatar,movie,PG-13,2009,"November 12, 2019","Action, Adventure, Fantasy, Sci-Fi","English, Spanish",USA,7.8
Babes in the Woods,movie,Approved,1932,"November 12, 2019","Family, Animation, Short, Comedy",English,USA,6.8
Babes in Toyland,movie,Approved,1961,"November 12, 2019","Comedy, Family, Fantasy, Musical, Romance",English,USA,6.3
Bambi,movie,G,1942,"November 12, 2019","Animation, Drama, Family",English,USA,7.3
Bambi and the Great Prince of the Forest,movie,G,2006,"November 12, 2019","Animation, Adventure, Drama, Family, Romance",English,USA,6.1
Bao,movie,G,2018,"November 12, 2019","Animation, Short, Family, Fantasy","Chinese, English","USA, Canada",7.5
Beach Picnic,movie,Approved,1939,"November 12, 2019","Animation, Family, Comedy, Short",English,USA,6.7
Beauty and the Beast,movie,G,1991,"November 12, 2019","Animation, Family, Fantasy, Musical, Romance","English, French",USA,8.0
Belle's Magical World,movie,G,1998,"November 12, 2019","Animation, Comedy, Family, Fantasy, Musical, Romance",English,USA,5.4
Beauty and the Beast: The Enchanted Christmas,movie,G,1997,"November 12, 2019","Animation, Family, Fantasy, Music, Musical",English,"Canada, USA",6.1
Because of Winn-Dixie,movie,PG,2005,"February 14, 2020","Comedy, Drama, Family",English,USA,6.3
Bedknobs and Broomsticks,movie,G,1971,"October 1, 2019","Animation, Adventure, Comedy, Family, Fantasy, Musical","English, German",USA,7.1
Bedtime Stories,movie,PG,2008,"March 5, 2020","Comedy, Family, Fantasy, Romance",English,USA,6.0
Before the Flood,movie,PG,2016,"November 12, 2019",Documentary,English,USA,8.3
Benji the Hunted,movie,G,1987,"November 12, 2019","Adventure, Family",English,USA,6.3
Best Friends Whenever,series,TV-G,2015–2016,"November 12, 2019","Comedy, Family, Sci-Fi",English,USA,5.5
Big Business,movie,PG,1988,"February 1, 2020",Comedy,"English, Italian",USA,6.4
Big City Greens,series,TV-Y7,2018–,"November 12, 2019","Animation, Short, Adventure, Comedy, Family",English,USA,6.6
Big Hero 6,movie,PG,2014,"November 12, 2019","Animation, Action, Adventure, Family, Sci-Fi",English,USA,7.8
Blackbeard's Ghost,movie,Approved,1968,"October 1, 2019","Comedy, Family, Fantasy",English,USA,6.9
Blank Check,movie,PG,1994,"November 12, 2019","Comedy, Crime, Family",English,USA,5.3
Bluey,series,TV-Y,2018–,"January 22, 2020",Animation,English,"Australia, UK",9.7
Bolt,movie,PG,2008,"November 12, 2019","Animation, Adventure, Comedy, Drama, Family",English,USA,6.8
Bonkers,series,TV-Y,1993–1994,"November 12, 2019","Animation, Action, Adventure, Comedy, Crime, Family",English,USA,6.8
Boundin',movie,G,2003,"November 12, 2019","Animation, Short, Comedy, Family, Musical",English,USA,7.0
Boy Meets World,series,TV-G,1993–2000,"November 12, 2019","Comedy, Drama, Family",English,USA,8.1
Brain Games,series,TV-G,2011–,"November 12, 2019","Documentary, Comedy, Drama, Game-Show, Reality-TV",English,USA,8.3
Brave,movie,PG,2012,"November 12, 2019","Animation, Adventure, Comedy, Family, Fantasy",English,"USA, UK",7.1
The Brave Little Toaster to the Rescue,movie,Not Rated,1997,"November 12, 2019","Animation, Adventure, Family, Fantasy","Chinese, Mandarin, Japanese, Korean, French, English",USA,6.3
Brink!,movie,TV-G,1998,"November 12, 2019","Drama, Family, Sport",English,USA,7.1
Brother Bear,movie,G,2003,"November 12, 2019","Animation, Adventure, Comedy, Family, Fantasy","English, Inuktitut, Croatian, Serbian",USA,6.8
Brother Bear 2,movie,G,2006,"November 12, 2019","Animation, Adventure, Comedy, Family, Fantasy",English,USA,6.2
Buffalo Dreams,movie,G,2005,"November 12, 2019",Family,English,USA,5.8
Burn-E,movie,G,2008,"November 12, 2019","Animation, Short, Adventure, Comedy, Family, Sci-Fi",English,USA,7.7
Cadet Kelly,movie,TV-G,2002,"November 12, 2019","Comedy, Drama, Family",English,"USA, Canada",5.5
Camp Nowhere,movie,PG,1994,"November 12, 2019","Adventure, Comedy, Family",English,USA,6.1
Camp Rock,movie,TV-G,2008,"November 12, 2019","Comedy, Family, Music, Musical, Romance","English, Portuguese",USA,5.2
Camp Rock 2: The Final Jam,movie,TV-G,2010,"November 12, 2019","Comedy, Family, Music, Musical, Romance",English,USA,5.2
Can of Worms,movie,TV-PG,1999,"November 12, 2019","Comedy, Family, Sci-Fi",English,"USA, Canada",5.0
Candleshoe,movie,G,1977,"November 12, 2019","Adventure, Comedy, Drama, Family",English,"UK, USA",6.8
Cars,movie,G,2006,"November 12, 2019","Animation, Comedy, Family, Sport","English, Italian, Japanese, Yiddish",USA,7.1
Cars 2,movie,G,2011,"November 12, 2019","Animation, Adventure, Comedy, Family, Sport","English, Japanese, Italian, French",USA,6.1
Cars 3,movie,G,2017,"November 12, 2019","Animation, Adventure, Comedy, Family, Sport",English,USA,6.7
Rescue Squad Mater,episode,NOT RATED,2008,"January 1, 2020","Animation, Adventure, Comedy",English,USA,6.3
Tokyo Mater,movie,G,2008,"January 1, 2020","Animation, Short, Action, Adventure, Comedy, Family",English,USA,6.6
Casebusters,episode,Unrated,1986,"November 12, 2019","Adventure, Biography, Drama",English,USA,5.9
Cheaper by the Dozen,movie,PG,2003,"February 14, 2020","Comedy, Family",English,USA,5.9
Cheetah,movie,G,1989,"November 12, 2019","Adventure, Family",English,USA,6.1
Chef Donald,movie,Approved,1941,"November 12, 2019","Animation, Short, Comedy, Family",English,USA,7.3
Chicken Little,movie,G,2005,"November 12, 2019","Animation, Adventure, Comedy, Family, Fantasy, Sci-Fi",English,USA,5.7
Chip 'n' Dale Rescue Rangers,series,TV-Y,1988–1990,"November 12, 2019","Animation, Adventure, Comedy, Family, Mystery",English,"USA, Taiwan, South Korea, China, Japan, UK",7.6
Chip an' Dale,movie,Approved,1947,"November 12, 2019","Animation, Short, Comedy, Family",English,USA,7.4
Cinderella,movie,G,1950,"November 12, 2019","Animation, Family, Fantasy, Musical, Romance",English,USA,7.3
Cinderella 2: Dreams Come True,movie,G,2001,"November 12, 2019","Animation, Family, Fantasy, Romance",English,USA,5.0
Cinderella 3: A Twist in Time,movie,G,2007,"November 12, 2019","Animation, Family, Fantasy, Musical, Romance",English,USA,5.9
Clock Cleaners,movie,Approved,1937,"November 12, 2019","Animation, Short, Comedy, Family",English,USA,7.5
Cloud 9,movie,TV-G,2014,"November 12, 2019","Action, Adventure, Drama, Family, Sport",English,USA,6.6
Coco,movie,PG,2017,"November 29, 2019","Animation, Adventure, Family, Fantasy, Music, Mystery","English, Spanish",USA,8.4
College Road Trip,movie,G,2008,"November 12, 2019","Adventure, Comedy, Drama, Family",English,USA,4.3
Confessions of a Teenage Drama Queen,movie,PG,2004,"November 12, 2019","Comedy, Family, Music, Romance",English,"Germany, USA",4.6
Cool Runnings,movie,PG,1993,"January 1, 2020","Adventure, Comedy, Family, History, Sport","English, German, Russian",USA,7.0
Coop and Cami Ask the World,series,TV-G,2018–,"November 12, 2019","Adventure, Comedy, Family",English,USA,5.7
Corn Chips,movie,APPROVED,1951,"November 12, 2019","Family, Animation, Comedy",English,USA,7.4
Cow Belles,movie,TV-G,2006,"November 12, 2019","Comedy, Family, Romance",English,USA,5.2
Dadnapped,movie,TV-G,2009,"November 12, 2019","Action, Adventure, Comedy, Crime, Family",English,USA,4.9
Darby O'Gill and the Little People,movie,Approved,1959,"November 12, 2019","Adventure, Family, Fantasy, Romance","English, Irish",USA,7.2
Darkwing Duck,series,TV-Y7,1991–1992,"November 12, 2019","Animation, Action, Adventure, Comedy, Family, Mystery, Sci-Fi",English,USA,7.6
Davy Crockett and the River Pirates,movie,Approved,1956,"November 12, 2019","Adventure, Comedy, Drama, Family, Western",English,USA,6.8
Davy Crockett: King of the Wild Frontier,movie,Approved,1955,"November 12, 2019","Adventure, Drama, Family, Western","English, Spanish",USA,7.0
Day & Night,movie,G,2010,"November 12, 2019","Animation, Short, Comedy, Family, Fantasy",English,USA,8.1
Deep Blue,movie,G,2003,"November 12, 2019",Documentary,English,"UK, Germany",7.4
Descendants 2,movie,TV-G,2017,"November 12, 2019","Action, Adventure, Family, Fantasy, Romance",English,USA,6.5
Descendants 3,movie,TV-G,2019,"February 2, 2020","Adventure, Family, Musical",English,USA,6.7
Destino,movie,PG,2003,"January 10, 2020","Animation, Short",English,"France, USA",7.9
Diary of a Future President,series,TV-PG,2020–,"January 17, 2020","Comedy, Family",English,USA,5.5
Diary of a Wimpy Kid,movie,PG,2010,"November 12, 2019","Comedy, Drama, Family","English, German","USA, UK",6.2
Dinosaur,movie,PG,2000,"November 12, 2019","Animation, Adventure, Family, Thriller",English,USA,6.5
Adventures in Babysitting,movie,TV-G,2016,"November 12, 2019","Adventure, Comedy, Family",English,USA,6.0
Amphibia,series,TV-Y7,2019–,"November 12, 2019","Animation, Short, Adventure, Comedy, Family, Fantasy",English,USA,7.8
Avalon High,movie,TV-G,2010,"November 12, 2019","Drama, Family, Fantasy",English,USA,5.7
Bad Hair Day,movie,TV-G,2015,"November 12, 2019","Adventure, Comedy, Family",English,Canada,6.0
Big Hero 6: The Series,series,TV-Y7,2017–,"November 12, 2019","Animation, Action, Adventure, Comedy, Family, Sci-Fi",English,USA,7.1
Bizaardvark,series,TV-G,2016–2019,"November 12, 2019","Comedy, Family",English,USA,3.5
Den Brother,movie,Not Rated,2010,"November 12, 2019","Family, Romance, Sport",English,USA,5.4
Descendants,movie,TV-G,2015,"November 12, 2019","Comedy, Family, Fantasy, Musical",English,USA,6.4
Girl Vs. Monster,movie,TV-PG,2012,"November 12, 2019","Action, Adventure, Comedy, Family, Fantasy, Sci-Fi",English,"USA, Canada",5.5
Gravity Falls,series,TV-Y7,2012–2016,"November 12, 2019","Animation, Action, Adventure, Comedy, Family, Fantasy, Mystery, Sci-Fi",English,USA,8.9
I Didn't Do It,series,TV-G,2014–2015,"March 20, 2020","Comedy, Drama, Family",English,USA,6.0
Jake and the Never Land Pirates,series,TV-Y,2011–2016,"November 12, 2019","Animation, Adventure, Family, Fantasy",English,USA,5.6
K.C. Undercover,series,TV-Y7,2015–2018,"November 12, 2019","Action, Comedy, Family",English,USA,6.1
Legend of the Three Caballeros,series,TV-G,2018–,"November 12, 2019","Animation, Adventure, Comedy, Family, Fantasy",English,USA,7.8
Mickey Mouse Clubhouse,series,TV-Y,2006–2016,"November 12, 2019","Animation, Comedy, Family, Fantasy, Musical",English,USA,5.7
Milo Murphy's Law,series,TV-Y7,2016–,"November 12, 2019","Animation, Short, Action, Adventure, Comedy, Family, Fantasy",English,USA,7.5
Phineas and Ferb: Star Wars,episode,TV-G,2014,"February 28, 2020","Animation, Action, Comedy, Family, Musical, Sci-Fi","English, Brazilian Sign Language",USA,8.2
Randy Cunningham: 9th Grade Ninja,series,TV-G,2012–2015,"January 15, 2020","Animation, Short, Action, Adventure, Comedy, Family, Fantasy, Sci-Fi",English,"UK, USA, Ireland",6.7
Raven's Home,series,TV-G,2017–,"November 12, 2019","Comedy, Family",English,USA,7.4
Star vs. the Forces of Evil,series,TV-Y7,2015–2019,"December 1, 2019","Animation, Action, Adventure, Comedy, Drama, Family, Fantasy, Sci-Fi, Thriller",English,USA,8.0
Stuck in the Middle,series,TV-G,2016–2018,"November 12, 2019","Comedy, Family",English,USA,5.9
Sydney to the Max,series,TV-G,2019–,"November 12, 2019","Comedy, Family",English,USA,6.1
Take Two with Phineas and Ferb,series,TV-G,2010–,"November 12, 2019","Animation, Comedy, Family, Talk-Show",English,USA,6.5
The Lion Guard,series,TV-Y,2016–,"November 12, 2019","Animation, Action, Adventure, Comedy, Family, Fantasy, Music",English,USA,6.4
Vampirina,series,TV-Y,2017–,"November 12, 2019","Animation, Short, Comedy, Family, Fantasy, Musical",English,"Ireland, USA",6.8
Adventures of the Gummi Bears,series,TV-Y,1985–1991,"November 12, 2019","Animation, Family, Fantasy",English,USA,7.5
DuckTales,series,TV-G,1987–1990,"November 12, 2019","Animation, Adventure, Comedy, Family",English,USA,8.1
Hercules,series,TV-Y,1998–1999,"November 12, 2019","Animation, Action, Adventure, Comedy, Family, Fantasy",English,USA,6.6
Kim Possible,series,TV-G,2002–2007,"November 12, 2019","Animation, Action, Adventure, Comedy, Family, Mystery, Romance, Sci-Fi",English,"USA, Philippines, South Korea",7.2
Little Einsteins,series,TV-Y,2005–2009,"November 12, 2019","Animation, Adventure, Comedy, Family",English,USA,6.2
Mighty Ducks,series,TV-Y7,1996–1997,"November 12, 2019","Animation, Action, Comedy, Family, Sci-Fi, Sport",English,USA,6.5
Recess,series,TV-Y,1997–2001,"November 12, 2019","Animation, Adventure, Comedy, Family",English,USA,7.8
The Emperor's New School,series,TV-G,2006–2008,"November 12, 2019","Animation, Short, Adventure, Comedy, Family, Fantasy",English,USA,6.6
The Kid,movie,PG,2000,"November 12, 2019","Comedy, Family, Fantasy",English,USA,6.1
The Little Mermaid,series,TV-Y,1992–1994,"November 12, 2019","Animation, Adventure, Drama, Family, Fantasy",English,USA,6.8
African Cats,movie,G,2011,"November 12, 2019","Documentary, Adventure",English,USA,7.6
Bears,movie,G,2014,"November 12, 2019","Documentary, Family",English,USA,7.4
Born in China,movie,G,2016,"November 12, 2019",Documentary,"English, Chinese","UK, China, USA",7.2
Chimpanzee,movie,G,2012,"November 12, 2019","Documentary, Family",English,"Tanzania, USA",7.2
The Crimson Wing: Mystery of the Flamingos,movie,G,2008,"November 12, 2019",Documentary,English,"USA, UK",7.3
Monkey Kingdom,movie,G,2015,"November 12, 2019",Documentary,English,USA,7.3
Penguins,movie,G,2019,"April 3, 2020","Documentary, Family",English,USA,6.9
Disneynature: Wings of Life,movie,G,2011,"November 12, 2019","Documentary, Family, News",English,"USA, Panama, Mexico",7.4
Doc McStuffins,series,G,2012–,"November 12, 2019","Animation, Short, Family, Fantasy, Music, Musical",English,"USA, Ireland",6.8
Doctor Dolittle,movie,PG-13,1998,"April 1, 2020","Comedy, Family, Fantasy",English,USA,5.4
Dr. Dolittle 2,movie,PG,2001,"March 1, 2020","Comedy, Family, Fantasy",English,USA,4.7
Dog Whisperer with Cesar Millan,series,TV-G,2004–2016,"November 12, 2019","Family, Reality-TV",English,USA,8.0
Dolphin Reef,movie,G,2020,"April 3, 2020","Documentary, Family",English,USA,7.6
Don's Fountain of Youth,movie,APPROVED,1953,"April 3, 2020","Animation, Short, Comedy",English,USA,7.4
Don't Look Under the Bed,movie,TV-PG,1999,"November 12, 2019","Family, Fantasy",English,USA,6.9
Double Teamed,movie,TV-G,2002,"November 12, 2019","Biography, Drama, Family, Sport",English,USA,6.1
Doug's 1st Movie,movie,G,1999,"November 12, 2019","Animation, Adventure, Comedy, Drama, Family, Fantasy, Sci-Fi",English,USA,5.0
Drain the Great Lakes,movie,TV-G,2011,"January 1, 2020",Documentary,English,"UK, Canada, USA",7.5
Drain the Ocean: WWII,movie,TV-PG,2016,"January 1, 2020",History,English,USA,7.2
Drain the Oceans,series,TV-PG,2018–,"November 12, 2019","Documentary, History, Mystery",English,"UK, Australia",7.6
DuckTales,series,TV-Y,2017–,"November 12, 2019","Animation, Action, Adventure, Comedy, Family, Fantasy, Mystery, Sci-Fi",English,USA,8.2
DuckTales the Movie: Treasure of the Lost Lamp,movie,G,1990,"November 12, 2019","Animation, Adventure, Comedy, Family, Fantasy",English,"France, USA",6.9
Dug's Special Mission,movie,TV-PG,2009,"November 12, 2019","Animation, Short, Comedy, Family",English,USA,7.0
Dumbo,movie,PG,2019,"November 12, 2019","Adventure, Family, Fantasy","English, French","USA, UK, Australia, Canada",6.3
Eddie's Million Dollar Cook-Off,movie,TV-G,2003,"November 12, 2019","Comedy, Family, Sport",English,USA,6.0
Eight Below,movie,PG,2006,"November 12, 2019","Adventure, Drama, Family",English,USA,7.3
Elena of Avalor,series,TV-Y,2016–,"November 12, 2019","Animation, Action, Adventure, Family, Fantasy, Musical",English,USA,6.4
Elmer Elephant,movie,Approved,1936,"April 3, 2020","Family, Animation, Short, Comedy",English,USA,7.0
Emil and the Detectives,movie,PG,1964,"November 12, 2019","Comedy, Family, Drama, Crime",English,USA,6.2
Encore!,series,TV-PG,2019–,"November 12, 2019","Musical, Reality-TV",English,USA,7.2
Escape to Witch Mountain,movie,G,1975,"November 12, 2019","Adventure, Family, Fantasy, Mystery, Sci-Fi",English,USA,6.4
Even Stevens,series,TV-G,2000–2003,"November 12, 2019","Comedy, Family",English,USA,7.6
Fantasia,movie,G,1940,"November 12, 2019","Animation, Family, Fantasy, Music",English,USA,7.8
Fantasia 2000,movie,G,1999,"November 12, 2019","Animation, Comedy, Family, Fantasy, Music",English,USA,7.2
Ferdinand the Bull,movie,Approved,1938,"November 12, 2019","Animation, Short, Comedy, Family",English,USA,7.2
Finding Dory,movie,PG,2016,"November 12, 2019","Animation, Adventure, Comedy, Family","English, Indonesian",USA,7.3
Finding Nemo,movie,G,2003,"November 12, 2019","Animation, Adventure, Comedy, Family",English,"USA, Australia",8.1
First Kid,movie,PG,1996,"November 12, 2019","Family, Comedy",English,USA,5.2
Fish Hooks,series,TV-G,2010–2014,"April 3, 2020","Animation, Adventure, Comedy, Family",English,USA,4.6
Flight of the Navigator,movie,PG,1986,"November 12, 2019","Adventure, Comedy, Family, Sci-Fi",English,USA,6.9
Float,movie,PG,2019,"November 12, 2019","Animation, Short, Family, Fantasy",English,USA,7.4
Flowers and Trees,movie,APPROVED,1932,"November 12, 2019","Animation, Short, Comedy",English,USA,7.5
Flubber,movie,PG,1997,"November 12, 2019","Comedy, Family, Sci-Fi",English,USA,5.3
For the Birds,movie,G,2000,"November 12, 2019","Animation, Short, Comedy, Family",None,USA,8.0
Frank and Ollie,movie,PG,1995,"November 12, 2019",Documentary,English,USA,7.8
Frankenweenie,movie,PG,2012,"April 1, 2020","Animation, Comedy, Family, Horror, Sci-Fi",English,USA,6.9
Frankenweenie,movie,PG,1984,"November 12, 2019","Short, Comedy, Drama, Sci-Fi",English,USA,7.3
Freaky Friday,movie,G,1976,"November 12, 2019","Comedy, Family, Fantasy",English,USA,6.3
Freaky Friday,movie,PG,2003,"November 12, 2019","Comedy, Family, Fantasy, Music, Romance","English, Mandarin",USA,6.1
Freaky Friday,movie,TV-G,2018,"November 12, 2019","Comedy, Fantasy, Musical",English,USA,3.7
Free Solo,movie,PG-13,2018,"November 12, 2019","Documentary, Adventure, Sport",English,USA,8.2
Frenemies,movie,TV-G,2012,"November 12, 2019","Comedy, Drama, Family",English,USA,5.0
Frozen,movie,PG,2013,"November 12, 2019","Animation, Adventure, Comedy, Family, Fantasy, Musical","English, Norwegian",USA,7.5
Frozen II,movie,PG,2019,"March 14, 2020","Animation, Adventure, Comedy, Family, Fantasy, Musical",English,USA,7.0
Full-Court Miracle,movie,TV-G,2003,"November 12, 2019","Drama, Family, Sport",English,USA,5.7
Fun and Fancy Free,movie,Approved,1947,"November 12, 2019","Animation, Adventure, Comedy, Family, Fantasy, Musical, Romance",English,USA,6.6
G-Force,movie,PG,2009,"March 15, 2020","Action, Adventure, Comedy, Family, Fantasy, Sci-Fi","Spanish, English",USA,5.1
Gargoyles,series,TV-PG,1994–1996,"November 12, 2019","Animation, Action, Adventure, Comedy, Crime, Drama, Family, Fantasy, Mystery, Romance, Thriller",English,USA,8.1
Geek Charming,movie,TV-G,2011,"November 12, 2019","Comedy, Drama, Family, Romance",English,USA,6.4
Genius,movie,TV-G,1999,"November 12, 2019","Comedy, Family, Romance, Sci-Fi",English,USA,6.3
George of the Jungle,movie,PG,1997,"May 1, 2020","Action, Adventure, Comedy, Family, Romance","English, Spanish",USA,5.4
George of the Jungle 2,movie,PG,2003,"December 20, 2019","Adventure, Comedy, Family",English,"USA, Australia",3.3
Get a Clue,movie,TV-G,2002,"November 12, 2019","Comedy, Crime, Family, Mystery",English,USA,5.1
Girl Meets World,series,TV-G,2014–2017,"November 12, 2019","Comedy, Drama, Family",English,USA,7.2
Glory Road,movie,PG,2006,"December 1, 2019","Biography, Drama, Sport",English,USA,7.2
Go Figure,movie,TV-G,2005,"November 12, 2019","Comedy, Drama, Family, Sport",English,USA,5.7
Going to the Mat,movie,G,2004,"November 12, 2019","Drama, Family, Sport",English,USA,6.8
Good Luck Charlie,series,TV-G,2010–2014,"November 12, 2019","Comedy, Drama, Family",English,USA,7.0
"Good Luck Charlie, It's Christmas!",movie,TV-G,2011,"November 12, 2019","Comedy, Drama, Family","English, Korean",USA,6.4
Goof Troop,series,TV-Y,1992–1993,"November 12, 2019","Animation, Adventure, Comedy, Family, Music",English,USA,6.8
Gotta Kick It Up!,movie,TV-G,2002,"November 12, 2019","Comedy, Drama, Family",English,USA,5.8
The Grasshopper and the Ants,movie,Approved,1934,"November 12, 2019","Family, Comedy, Animation, Musical, Short",English,USA,7.3
Great Migrations,series,TV-PG,2010–,"November 12, 2019",Documentary,English,USA,8.1
Greyfriars Bobby: The True Story of a Dog,movie,Approved,1961,"November 12, 2019","Drama, Family",English,USA,7.3
Gus,movie,G,1976,"November 12, 2019","Comedy, Family, Sport",English,USA,5.9
Hacksaw,movie,TV-PG,1971,"January 1, 2020",Family,English,USA,6.2
Halloweentown,movie,TV-G,1998,"November 12, 2019","Adventure, Comedy, Family, Fantasy",English,USA,6.8
Halloweentown High,movie,TV-G,2004,"November 12, 2019","Comedy, Family, Fantasy",English,USA,6.2
Halloweentown II: Kalabar's Revenge,movie,TV-PG,2001,"November 12, 2019","Adventure, Family, Fantasy",English,USA,6.5
Handy Manny,series,TV-Y,2006–2013,"November 12, 2019","Animation, Family","English, Spanish","USA, Canada",5.6
Hannah Montana,series,TV-G,2006–2011,"November 12, 2019","Comedy, Family, Music",English,USA,5.0
Hannah Montana and Miley Cyrus: Best of Both Worlds Concert,movie,G,2008,"November 12, 2019","Documentary, Music",English,USA,2.3
Hannah Montana: The Movie,movie,G,2009,"November 12, 2019","Comedy, Drama, Family, Music, Romance",English,USA,4.4
Hatching Pete,movie,TV-G,2009,"November 12, 2019","Comedy, Family",English,USA,5.4
Hawaiian Holiday,movie,PASSED,1937,"November 12, 2019","Animation, Short, Comedy, Family, Sport",English,USA,7.2
Heavyweights,movie,PG,1995,"November 12, 2019","Comedy, Drama, Family, Sport",English,USA,6.6
Henry Hugglemonster,series,TV-Y,2013–,"December 1, 2019","Animation, Fantasy","English, Korean","Ireland, UK, USA, South Korea, Canada",5.1
Herbie Goes Bananas,movie,G,1980,"November 12, 2019","Adventure, Comedy, Family, Fantasy","English, Spanish",USA,5.0
Herbie Goes to Monte Carlo,movie,G,1977,"November 12, 2019","Action, Adventure, Comedy, Crime, Family, Romance, Sport","English, French",USA,5.7
Herbie Rides Again,movie,G,1974,"November 12, 2019","Comedy, Family, Fantasy, Romance",English,USA,5.7
Herbie Fully Loaded,movie,G,2005,"November 12, 2019","Adventure, Comedy, Family, Fantasy, Romance, Sport",English,USA,4.8
Hercules,movie,G,1997,"November 12, 2019","Animation, Adventure, Comedy, Family, Fantasy, Musical, Romance","English, Spanish, Greek","USA, France",7.3
High School Musical,movie,TV-G,2006,"November 12, 2019","Comedy, Drama, Family, Music, Musical, Romance","English, Spanish",USA,5.4
High School Musical 2,movie,TV-G,2007,"November 12, 2019","Comedy, Drama, Family, Music, Musical, Romance",English,USA,5.0
High School Musical 3,movie,G,2008,"November 12, 2019","Comedy, Drama, Family, Music, Musical, Romance",English,USA,4.8
High School Musical: The Musical - The Series,series,TV-PG,2019–,"November 12, 2019","Comedy, Musical",English,USA,7.3
High School Musical: The Musical: The Series: The Special,movie,TV-G,2019,"December 20, 2019",Documentary,English,USA,7.8
Hocus Pocus,movie,PG,1993,"November 12, 2019","Comedy, Family, Fantasy","English, French",USA,6.9
Holes,movie,PG,2003,"January 1, 2020","Adventure, Comedy, Drama, Family, Mystery",English,USA,7.0
Home Alone 3,movie,PG,1997,"November 12, 2019","Comedy, Crime, Family","English, Polish",USA,4.5
Home on the Range,movie,PG,2004,"November 12, 2019","Animation, Adventure, Comedy, Family, Music, Western","English, Mandarin",USA,5.3
Homeward Bound II: Lost in San Francisco,movie,G,1996,"May 1, 2020","Adventure, Comedy, Family, Romance",English,USA,5.9
Homeward Bound: The Incredible Journey,movie,G,1993,"May 1, 2020","Adventure, Comedy, Drama, Family",English,USA,6.9
"Honey, I Blew Up the Kid",movie,PG,1992,"November 12, 2019","Adventure, Comedy, Family, Romance, Sci-Fi",English,USA,4.8
"Honey, I Shrunk the Kids",movie,PG,1989,"November 12, 2019","Adventure, Comedy, Family, Sci-Fi",English,"USA, Mexico",6.3
"Honey, We Shrunk Ourselves!",movie,PG,1997,"November 12, 2019","Action, Adventure, Comedy, Family, Sci-Fi",English,USA,5.0
Horse Sense,movie,TV-G,1999,"November 12, 2019","Drama, Family",English,USA,6.2
Hounded,movie,TV-G,2001,"November 12, 2019","Comedy, Drama, Family",English,USA,5.1
How to Build a Better Boy,movie,TV-G,2014,"November 12, 2019","Comedy, Family, Sci-Fi","English, French",USA,5.5
How to Play Football,movie,Approved,1944,"April 3, 2020","Animation, Short, Comedy, Family, Sport",English,USA,7.2
Hulk and the Agents of S.M.A.S.H.,series,TV-Y7,2013–2015,"November 12, 2019","Animation, Action, Adventure, Comedy, Sci-Fi",English,USA,6.1
I'll Be Home for Christmas,movie,PG,1998,"November 12, 2019","Comedy, Family",English,"USA, Canada",5.5
Ice Age,movie,PG,2002,"March 1, 2020","Animation, Adventure, Comedy, Family, Fantasy",English,USA,7.5
Ice Age: The Great Egg-Scapade,movie,TV-PG,2016,"November 12, 2019","Animation, Short, Adventure, Comedy, Family",English,USA,5.9
Ice Princess,movie,G,2005,"November 12, 2019","Comedy, Drama, Family, Sport",English,"USA, Canada",6.0
In the Footsteps of Elephant,movie,G,2020,"April 3, 2020","Documentary, Adventure, Family",English,USA,8.1
Inside Out,movie,PG,2015,"November 12, 2019","Animation, Adventure, Comedy, Drama, Family, Fantasy",English,USA,8.2
Inspector Gadget,movie,PG,1999,"November 12, 2019","Action, Adventure, Comedy, Crime, Family, Sci-Fi","English, Norwegian, French, Spanish",USA,4.1
Inspector Gadget 2,movie,G,2003,"November 12, 2019","Action, Comedy, Crime, Family, Sci-Fi",English,USA,3.4
Invincible,movie,PG,2006,"November 12, 2019","Biography, Drama, Sport",English,USA,7.1
Invisible Sister,movie,TV-G,2015,"November 12, 2019","Adventure, Comedy, Family, Fantasy",English,USA,6.1
Iron Man,series,TV-Y7,1994–1996,"November 12, 2019","Animation, Action, Adventure, Sci-Fi",English,USA,6.7
Iron Man: Armored Adventures,series,TV-Y7,2008–2012,"November 12, 2019","Animation, Action, Adventure, Family, Fantasy, Sci-Fi",English,"Canada, USA, UK, France",6.5
Iron Will,movie,PG,1994,"November 12, 2019","Adventure, Family",English,USA,6.6
Jack,movie,PG-13,1996,"November 12, 2019","Comedy, Drama, Fantasy","English, Spanish",USA,5.8
Jack-Jack Attack,movie,Not Rated,2005,"November 12, 2019","Animation, Short, Adventure, Comedy, Family",English,USA,7.6
James and the Giant Peach,movie,PG,1996,"November 12, 2019","Animation, Adventure, Family, Fantasy, Musical",English,"UK, USA",6.7
Jane,movie,PG,2017,"November 12, 2019","Documentary, Biography",English,USA,7.8
Jessie,series,TV-G,2011–2015,"November 12, 2019","Comedy, Family",English,USA,5.9
John Carter,movie,PG-13,2012,"May 2, 2020","Action, Adventure, Sci-Fi",English,USA,6.6
Johnny Kapahala: Back on Board,movie,Not Rated,2007,"November 12, 2019","Comedy, Drama, Family, Sport",English,USA,5.5
Johnny Tsunami,movie,TV-G,1999,"November 12, 2019","Drama, Family, Sport",English,USA,6.3
Jonas Brothers: The 3D Concert Experience,movie,G,2009,"November 12, 2019","Documentary, Music",English,USA,1.5
Journey to the Center of the Earth,movie,Approved,1959,"November 12, 2019","Adventure, Family, Fantasy, Romance, Sci-Fi","English, Swedish, French, Italian, Russian",USA,7.0
Jump In!,movie,TV-G,2007,"November 12, 2019","Comedy, Drama, Family, Romance, Sport",English,USA,5.3
Jumping Ship,movie,TV-G,2001,"November 12, 2019","Family, Adventure, Comedy, Drama",English,"Australia, USA",6.2
Jungle 2 Jungle,movie,PG,1997,"November 12, 2019","Comedy, Family",English,"USA, France",5.2
Jungle Cat,movie,Approved,1960,"November 12, 2019","Documentary, Family",English,USA,7.4
Justin Morgan Had a Horse,movie,TV-G,1972,"October 1, 2019","Family, Drama, Western",English,USA,6.5
Kazaam,movie,PG,1996,"November 12, 2019","Comedy, Family, Fantasy, Musical",English,USA,3.0
Kickin' It,series,TV-Y7,2011–2015,"November 12, 2019","Action, Comedy, Family",English,USA,6.3
Kim Possible,movie,TV-G,2019,"November 12, 2019","Action, Adventure, Comedy",English,USA,3.6
Kim Possible: So the Drama,movie,TV-G,2005,"November 12, 2019","Animation, Action, Adventure, Comedy, Family, Fantasy, Sci-Fi",English,USA,7.1
Kitbull,movie,PG,2019,"November 12, 2019","Animation, Short, Drama, Family",English,USA,8.0
Kronk's New Groove,movie,G,2005,"November 12, 2019","Animation, Comedy, Family, Musical, Romance",English,USA,5.8
La Luna,movie,G,2011,"November 12, 2019","Animation, Short, Family, Fantasy",None,USA,8.0
Lab Rats,series,TV-Y7,2012–2016,"November 12, 2019","Action, Comedy, Family, Sci-Fi",English,USA,6.6
Lady and the Tramp,movie,PG,2019,"November 12, 2019","Adventure, Comedy, Drama, Family, Musical, Romance",English,USA,6.3
Lady and the Tramp,movie,G,1955,"November 12, 2019","Animation, Adventure, Comedy, Drama, Family, Romance",English,USA,7.3
Lady and the Tramp 2: Scamp's Adventure,movie,G,2001,"October 1, 2019","Animation, Adventure, Family, Musical, Romance",English,"USA, Australia",5.9
Lambert the Sheepish Lion,movie,Approved,1952,"April 3, 2020","Animation, Short, Comedy, Family",English,USA,7.7
Lego Frozen Northern Lights,series,TV-Y7,2016–,"November 12, 2019","Animation, Adventure, Comedy, Family, Fantasy",English,USA,5.7
Lego Star Wars: All-Stars,series,TV-Y7,2018–,"November 12, 2019","Animation, Action, Adventure, Comedy, Sci-Fi",English,USA,6.5
Lego Star Wars: The Freemaker Adventures,series,TV-Y7,2016–,"November 12, 2019","Animation, Action, Comedy, Fantasy, Sci-Fi",English,USA,7.5
Lemonade Mouth,movie,TV-PG,2011,"November 12, 2019","Comedy, Drama, Family, Music, Musical",English,USA,6.9
Lend a Paw,movie,APPROVED,1941,"November 12, 2019","Animation, Short, Comedy",English,USA,7.1
Leroy & Stitch,movie,G,2006,"November 12, 2019","Animation, Action, Adventure, Comedy, Drama, Family, Sci-Fi",English,USA,6.2
Let It Shine,movie,TV-G,2012,"November 12, 2019","Drama, Family, Music",English,USA,6.4
Life Below Zero,series,TV-PG,2013–,"November 12, 2019","Documentary, Adventure, Reality-TV",English,USA,8.0
Life Is Ruff,movie,TV-G,2005,"November 12, 2019","Comedy, Family",English,USA,4.9
Life with Mikey,movie,PG,1993,"November 12, 2019","Comedy, Family",English,USA,5.6
Life-Size 2,movie,TV-14,2018,"November 12, 2019","Comedy, Fantasy",English,USA,4.8
Lifted,movie,G,2006,"November 12, 2019","Animation, Short, Comedy, Family, Sci-Fi",None,USA,7.9
Lilo & Stitch,movie,PG,2002,"November 12, 2019","Animation, Adventure, Comedy, Drama, Family, Fantasy, Sci-Fi","English, Hawaiian",USA,7.2
Lilo & Stitch: The Series,series,TV-Y,2003–2006,"November 12, 2019","Animation, Action, Adventure, Comedy, Family, Sci-Fi",English,USA,6.7
Lilo & Stitch 2: Stitch Has a Glitch,movie,PG,2005,"November 12, 2019","Animation, Comedy, Drama, Family, Sci-Fi","English, French, Spanish",USA,6.3
Lizzie McGuire,series,TV-G,2001–2004,"November 12, 2019","Comedy, Drama, Family",English,USA,6.6
Loop,movie,PG,2020,"January 10, 2020","Animation, Short, Adventure, Family, Mystery",English,USA,6.7
Lou,movie,G,2017,"November 12, 2019","Animation, Short, Comedy, Family, Fantasy",English,USA,7.9
The Luck of the Irish,movie,TV-G,2001,"November 12, 2019","Adventure, Comedy, Drama, Family, Fantasy, Sport",English,USA,6.2
Playdate with Destiny,movie,G,2020,"April 10, 2020","Animation, Short, Comedy, Family, Romance",English,USA,6.7
Magician Mickey,movie,Approved,1937,"November 12, 2019","Family, Animation, Comedy, Short",English,USA,7.3
Mars Needs Moms,movie,PG,2011,"April 1, 2020","Animation, Action, Adventure, Family, Sci-Fi",English,USA,5.4
Spider-Man: The Animated Series,series,TV-Y,1994–1998,"November 12, 2019","Animation, Action, Adventure, Family, Sci-Fi",English,USA,8.3
The Incredible Hulk,series,TV-Y7,1996–1998,"November 12, 2019","Animation, Action, Adventure, Fantasy, Sci-Fi",English,USA,6.8
X-Men: The Animated Series,series,TV-Y7,1992–1997,"November 12, 2019","Animation, Action, Family, Sci-Fi, Thriller",English,"USA, Canada",8.4
Marvel Rising: Playing with Fire,movie,TV-Y7-FV,2019,"February 21, 2020","Animation, Action, Adventure, Sci-Fi",English,USA,5.5
Marvel Studios: Assembling a Universe,movie,TV-PG,2014,"November 12, 2019","Documentary, History",English,USA,7.6
Ant-Man,movie,PG-13,2015,"November 12, 2019","Action, Adventure, Comedy, Sci-Fi",English,USA,7.3
Avengers: Age of Ultron,movie,PG-13,2015,"November 12, 2019","Action, Adventure, Sci-Fi","English, Korean",USA,7.3
Avengers: Endgame,movie,PG-13,2019,"November 12, 2019","Action, Adventure, Drama, Sci-Fi","English, Japanese, Xhosa, German",USA,8.4
Black Panther,movie,PG-13,2018,"March 4, 2020","Action, Adventure, Sci-Fi","English, Swahili, Nama, Xhosa, Korean",USA,7.3
Captain America: Civil War,movie,PG-13,2016,"November 12, 2019","Action, Adventure, Sci-Fi","English, German, Xhosa, Russian, Romanian, Hindi",USA,7.8
Captain America: The First Avenger,movie,PG-13,2011,"November 12, 2019","Action, Adventure, Sci-Fi","English, Norwegian, French",USA,6.9
Captain America: The Winter Soldier,movie,PG-13,2014,"November 12, 2019","Action, Adventure, Sci-Fi, Thriller","English, French",USA,7.7
Captain Marvel,movie,PG-13,2019,"November 12, 2019","Action, Adventure, Sci-Fi",English,"USA, Australia",6.9
Doctor Strange,movie,PG-13,2016,"November 12, 2019","Action, Adventure, Fantasy, Sci-Fi",English,USA,7.5
Guardians of the Galaxy,movie,PG-13,2014,"November 12, 2019","Action, Adventure, Comedy, Sci-Fi",English,USA,8.0
Guardians of the Galaxy Vol. 2,movie,PG-13,2017,"November 12, 2019","Action, Adventure, Comedy, Sci-Fi",English,USA,7.6
Iron Man,movie,PG-13,2008,"November 12, 2019","Action, Adventure, Sci-Fi","Hungarian, Kurdish, Hindi, English, Persian, Urdu, Arabic",USA,7.9
Iron Man 2,movie,PG-13,2010,"November 12, 2019","Action, Adventure, Sci-Fi","English, French, Russian",USA,7.0
Iron Man 3,movie,PG-13,2013,"November 12, 2019","Action, Adventure, Sci-Fi",English,USA,7.2
The Avengers,movie,PG-13,2012,"November 12, 2019","Action, Adventure, Sci-Fi","English, Russian, Hindi",USA,8.0
Thor,movie,PG-13,2011,"November 12, 2019","Action, Adventure, Fantasy",English,USA,7.0
Thor: Ragnarok,movie,PG-13,2017,"December 5, 2019","Action, Adventure, Comedy, Fantasy, Sci-Fi",English,USA,7.9
Thor: The Dark World,movie,PG-13,2013,"November 12, 2019","Action, Adventure, Fantasy",English,USA,6.9
Ultimate Spider-Man,series,TV-Y7,2012–2017,"November 12, 2019","Animation, Action, Adventure, Comedy, Sci-Fi",English,USA,7.1
Agent Carter,series,TV-PG,2015–2016,"November 12, 2019","Action, Adventure, Sci-Fi",English,USA,7.9
Avengers Assemble,series,TV-Y7,2013–,"November 12, 2019","Animation, Action, Adventure, Sci-Fi",English,USA,7.0
Guardians of the Galaxy,series,TV-Y7,2015–,"November 12, 2019","Animation, Action, Adventure, Comedy, Drama, Family, Sci-Fi",English,USA,7.4
Marvel's Hero Project,series,TV-G,2019–,"November 12, 2019",Documentary,English,USA,6.2
Inhumans,series,TV-PG,2017,"November 12, 2019","Action, Adventure, Sci-Fi",English,USA,5.0
Iron Man & Hulk: Heroes United,movie,PG,2013,"February 16, 2020","Animation, Action, Adventure, Family, Sci-Fi",English,USA,4.7
Runaways,series,TV-14,2017–2019,"November 12, 2019","Action, Drama, Sci-Fi",English,USA,7.0
Spider-Man,series,TV-Y7,2017–,"November 12, 2019","Animation, Short, Action, Adventure, Family, Sci-Fi",English,USA,6.1
Mary Poppins,movie,G,1964,"November 12, 2019","Comedy, Family, Fantasy, Musical",English,USA,7.8
Mater and the Ghostlight,movie,G,2006,"November 12, 2019","Animation, Short, Comedy, Family, Horror",English,USA,6.6
Meet the Deedles,movie,PG,1998,"November 12, 2019","Comedy, Family",English,USA,4.1
Meet the Robinsons,movie,G,2007,"November 12, 2019","Animation, Adventure, Comedy, Family, Sci-Fi",English,USA,6.8
Melody Time,movie,Approved,1948,"November 12, 2019","Animation, Comedy, Family, Musical",English,USA,6.4
Mickey Mouse,series,TV-G,2013–,"November 12, 2019","Animation, Short, Comedy, Family",English,USA,8.1
The Mickey Mouse Club,series,TV-G,1955–1958,"November 12, 2019","Family, Comedy, Drama, Music",English,USA,7.7
Mickey Mouse Mixed-Up Adventures,series,TV-Y,2017–,"November 12, 2019","Animation, Short, Adventure, Comedy, Family, Sport",English,USA,6.2
"Mickey, Donald, Goofy: The Three Musketeers",movie,G,2004,"November 12, 2019","Animation, Adventure, Comedy, Family, Musical, Romance",English,USA,6.4
Mickey's Birthday Party,movie,Approved,1942,"November 12, 2019","Animation, Short, Comedy, Family",English,USA,6.6
Mickey's Christmas Carol,movie,G,1983,"November 12, 2019","Animation, Short, Comedy, Family, Fantasy",English,USA,8.1
Mickey's Once Upon a Christmas,movie,Not Rated,1999,"November 12, 2019","Animation, Comedy, Family, Fantasy",English,USA,7.2
Mickey's Rival,movie,Approved,1936,"November 12, 2019","Animation, Short, Comedy, Family, Romance",English,USA,6.9
Mickey's Trailer,movie,Not Rated,1938,"November 12, 2019","Animation, Short, Adventure, Comedy, Family",English,USA,7.9
Mickey's Twice Upon a Christmas,movie,G,2004,"November 12, 2019","Animation, Comedy, Family, Fantasy",English,USA,6.5
Mighty Joe Young,movie,PG,1998,"November 12, 2019","Action, Adventure, Family, Fantasy, Thriller","English, Swahili",USA,5.6
Mike's New Car,movie,Not Rated,2002,"November 12, 2019","Animation, Short, Comedy, Family, Fantasy",English,USA,7.1
Millions,movie,PG-13,2004,"November 12, 2019","Comedy, Crime, Drama, Family",English,UK,6.9
Minutemen,movie,TV-G,2008,"November 12, 2019","Adventure, Comedy, Family, Sci-Fi",English,USA,5.8
Miracle,movie,PG,2004,"November 12, 2019","Biography, Drama, History, Sport",English,"Canada, USA",7.5
Miracle in Lane 2,movie,G,2000,"November 12, 2019","Biography, Comedy, Drama, Family, Sport",English,USA,6.0
Miracle on 34th Street,movie,Not Rated,1947,"November 12, 2019","Comedy, Drama, Family","English, Dutch",USA,7.9
Moana,movie,PG,2016,"November 12, 2019","Animation, Adventure, Comedy, Family, Fantasy, Musical",English,USA,7.6
Mom's Got a Date with a Vampire,movie,TV-PG,2000,"November 12, 2019","Comedy, Family, Fantasy, Horror",English,"Canada, USA",5.9
Monsters University,movie,G,2013,"November 12, 2019","Animation, Adventure, Comedy, Family, Fantasy",English,USA,7.3
"Monsters, Inc.",movie,G,2001,"November 12, 2019","Animation, Adventure, Comedy, Family, Fantasy",English,USA,8.0
Motocrossed,movie,TV-G,2001,"November 12, 2019","Action, Adventure, Family",English,USA,6.6
Mr. Boogedy,episode,TV-PG,1986,"November 12, 2019","Adventure, Drama, Family",English,USA,7.3
Mr. Duck Steps Out,movie,TV-G,1940,"November 12, 2019","Animation, Short, Comedy",English,USA,7.5
Mulan,movie,G,1998,"November 12, 2019","Animation, Adventure, Family, Fantasy, Musical, War","English, Mandarin",USA,7.6
Mulan II,movie,G,2004,"November 12, 2019","Animation, Action, Comedy, Family, Musical",English,"USA, South Korea, Singapore, Russia, Malaysia, Kazakhstan, Taiwan, Hong Kong, Japan, China, India, Syria, Iran, Egypt, Pakistan",5.7
Muppet Treasure Island,movie,G,1996,"November 12, 2019","Action, Adventure, Comedy, Family, Musical, Romance",English,USA,7.0
Muppets Most Wanted,movie,PG,2014,"November 12, 2019","Adventure, Comedy, Crime, Family, Musical, Mystery","English, German",USA,6.4
My Favorite Martian,movie,PG,1999,"November 12, 2019","Comedy, Family, Sci-Fi",English,USA,5.1
My Friends Tigger & Pooh,series,TV-Y,2007–2010,"November 12, 2019","Animation, Short, Adventure, Family","English, Spanish, German, Japanese, French, Abkhazian, Portuguese",USA,5.7
National Treasure,movie,PG,2004,"April 30, 2020","Action, Adventure, Mystery, Thriller","English, Spanish",USA,6.8
National Treasure: Book of Secrets,movie,PG,2007,"November 12, 2019","Action, Adventure, Family, Mystery, Thriller","English, French",USA,6.5
Nature's Half Acre,movie,PASSED,1951,"May 1, 2020","Documentary, Short, Family",English,USA,7.7
Newsies,movie,PG,1992,"November 12, 2019","Drama, Family, History, Musical",English,USA,7.0
Disney's Newsies: The Broadway Musical!,movie,PG,2017,"November 12, 2019",Musical,English,USA,8.5
Noelle,movie,G,2019,"November 12, 2019","Comedy, Family, Fantasy",English,USA,6.2
Now You See It...,movie,TV-G,2005,"November 12, 2019","Drama, Family, Fantasy, Mystery",English,USA,6.3
Olaf's Frozen Adventure,movie,G,2017,"November 12, 2019","Animation, Short, Adventure, Comedy, Family, Fantasy, Musical",English,USA,5.5
Old Dogs,movie,PG,2009,"February 9, 2020","Comedy, Family","English, Ukrainian",USA,5.4
Old Yeller,movie,Approved,1957,"November 12, 2019","Adventure, Drama, Family, Western",English,USA,7.3
Oliver & Company,movie,G,1988,"November 12, 2019","Animation, Adventure, Comedy, Family, Musical",English,USA,6.7
Once Upon a Mattress,movie,PG,2005,"November 12, 2019","Comedy, Musical, Romance",English,USA,6.4
One Hundred and One Dalmatians,movie,G,1961,"November 12, 2019","Animation, Adventure, Comedy, Family",English,USA,7.2
One Magic Christmas,movie,G,1985,"November 12, 2019","Family, Fantasy",English,"Canada, USA",6.6
One Man Band,movie,G,2005,"November 12, 2019","Animation, Short, Comedy, Family, Music",None,USA,7.7
One Strange Rock,series,TV-PG,2018–,"January 1, 2020",Documentary,"English, Spanish, Indonesian, Chinese, Arabic, Russian, Hindi, Tibetan, Portuguese, French, Thai, Norwegian, Italian, Japanese, Mongolian, Kazakh",USA,8.8
Onward,movie,PG,2020,"April 3, 2020","Animation, Adventure, Comedy, Family, Fantasy",English,USA,7.5
Operation Dumbo Drop,movie,PG,1995,"November 12, 2019","Action, Adventure, Comedy, Drama, Family, War","English, Vietnamese",USA,5.1
Out of the Box,series,TV-Y,1998–2004,"November 12, 2019","Comedy, Family",English,USA,7.5
Partly Cloudy,movie,G,2009,"November 12, 2019","Animation, Short, Comedy, Family, Fantasy",None,USA,8.2
Party Central,movie,PG,2014,"November 12, 2019","Animation, Short, Adventure, Comedy, Family, Fantasy",English,USA,7.1
Penguins: Life on the Edge,movie,G,2020,"April 3, 2020","Documentary, Family",English,USA,6.7
Perri,movie,Approved,1957,"November 12, 2019","Adventure, Family, Fantasy, Romance",English,USA,7.2
Pete's Dragon,movie,G,1977,"October 1, 2019","Animation, Adventure, Comedy, Family, Fantasy, Musical",English,USA,6.4
Pete's Dragon,movie,PG,2016,"November 12, 2019","Action, Adventure, Comedy, Drama, Family, Fantasy",English,USA,6.7
Peter Pan,movie,G,1953,"November 12, 2019","Animation, Adventure, Family, Fantasy, Musical","English, American Sign Language",USA,7.3
Peter Pan 2: Return to Never Land,movie,G,2002,"November 12, 2019","Animation, Adventure, Family, Fantasy",English,"USA, Canada, Australia",5.8
Phantom of the Megaplex,movie,TV-G,2000,"November 12, 2019","Action, Comedy, Family, Mystery",English,"USA, Canada",6.5
Phil of the Future,series,TV-G,2004–2006,"November 12, 2019","Adventure, Comedy, Family, Sci-Fi",English,USA,7.0
Phineas and Ferb,series,TV-G,2007–2015,"November 12, 2019","Animation, Action, Comedy, Family, Musical, Sci-Fi",English,USA,7.9
Phineas and Ferb the Movie: Across the 2nd Dimension,movie,TV-G,2011,"November 12, 2019","Animation, Action, Adventure, Comedy, Family, Musical, Sci-Fi",English,USA,7.4
Piglet's Big Movie,movie,G,2003,"November 12, 2019","Animation, Adventure, Comedy, Family, Musical, Mystery",English,USA,6.1
Pinocchio,movie,G,1940,"November 12, 2019","Animation, Comedy, Family, Fantasy, Musical",English,USA,7.4
Piper,movie,G,2016,"November 12, 2019","Animation, Short, Family",None,USA,8.4
Pirates of the Caribbean: At World's End,movie,PG-13,2007,"November 12, 2019","Action, Adventure, Fantasy",English,USA,7.1
Pirates of the Caribbean: Dead Man's Chest,movie,PG-13,2006,"November 12, 2019","Action, Adventure, Fantasy","English, Turkish, Greek, Mandarin, French",USA,7.3
Pirates of the Caribbean: On Stranger Tides,movie,PG-13,2011,"May 1, 2020","Action, Adventure, Fantasy","English, Spanish","USA, UK",6.6
Pirates of the Caribbean: The Curse of the Black Pearl,movie,PG-13,2003,"November 12, 2019","Action, Adventure, Fantasy",English,USA,8.0
Pixar in Real Life,series,TV-G,2019–,"November 12, 2019","Comedy, Family, Reality-TV",English,USA,6.7
Pixel Perfect,movie,TV-G,2004,"November 12, 2019","Family, Sci-Fi, Comedy, Fantasy, Music","English, German",USA,5.7
PJ Masks,series,TV-Y,2015–,"November 12, 2019","Animation, Action, Adventure, Family, Fantasy, Sci-Fi","French, English","France, UK",5.7
Pluto's Christmas Tree,movie,Approved,1952,"November 12, 2019","Animation, Short, Comedy, Family, Fantasy",English,USA,7.7
Pluto's Party,movie,Approved,1952,"April 3, 2020","Animation, Short, Comedy, Family",English,USA,6.5
Pocahontas,movie,G,1995,"November 12, 2019","Animation, Adventure, Drama, Family, Musical, Romance","English, Algonquin",USA,6.7
Pocahontas II: Journey to a New World,movie,G,1998,"November 12, 2019","Animation, Adventure, Drama, Family, Musical, Romance",English,USA,4.9
Pollyanna,movie,Approved,1960,"November 12, 2019","Comedy, Drama, Family",English,USA,7.4
Pooh's Grand Adventure: The Search for Christopher Robin,movie,G,1997,"November 12, 2019","Animation, Adventure, Comedy, Family, Musical",English,USA,7.1
Pooh's Heffalump Movie,movie,G,2005,"November 12, 2019","Animation, Comedy, Family, Fantasy, Musical, Mystery",English,USA,6.4
Presto,movie,G,2008,"November 12, 2019","Animation, Short, Comedy, Family, Fantasy",English,USA,8.4
Princess Protection Program,movie,TV-G,2009,"November 12, 2019","Comedy, Drama, Family",English,USA,5.6
Prom,movie,PG,2011,"April 1, 2020","Comedy, Drama, Family, Romance",English,USA,5.4
Prowlers of the Everglades,movie,Approved,1953,"May 1, 2020","Documentary, Short, Family",English,USA,8.1
Puppy Dog Pals,series,TV-Y,2017–,"November 12, 2019","Animation, Family",English,USA,7.1
Purl,movie,PG,2018,"November 12, 2019","Animation, Short, Comedy, Family",English,USA,6.4
Quack Pack,series,TV-Y,1996–1997,"November 12, 2019","Animation, Short, Adventure, Comedy, Family",English,USA,6.8
Queen of Katwe,movie,PG,2016,"November 12, 2019","Biography, Drama, Sport",English,USA,7.4
Quints,movie,TV-G,2000,"November 12, 2019","Comedy, Drama, Family",English,"Canada, USA",5.7
Ratatouille,movie,G,2007,"November 12, 2019","Animation, Adventure, Comedy, Drama, Family, Fantasy","English, French",USA,8.0
Read It and Weep,movie,TV-G,2006,"November 12, 2019","Comedy, Drama, Family",English,USA,5.5
Ready to Run,movie,TV-G,2000,"November 12, 2019","Family, Sport",English,"USA, New Zealand",5.3
Recess: All Growed Down,movie,G,2003,"November 12, 2019","Animation, Comedy, Family",English,USA,6.7
Recess: School's Out,movie,G,2001,"November 12, 2019","Animation, Comedy, Family",English,"USA, Japan",6.6
Recess: Taking the Fifth Grade,movie,G,2003,"November 12, 2019","Animation, Comedy, Family",English,USA,6.8
Red Tails,movie,PG-13,2012,"January 1, 2020","Action, Drama, History, War","English, Italian, German",USA,5.9
Red's Dream,movie,G,1987,"November 12, 2019","Animation, Short, Family",English,USA,6.4
Remember the Titans,movie,PG,2000,"November 12, 2019","Biography, Drama, Sport",English,USA,7.8
Return from Witch Mountain,movie,G,1978,"November 12, 2019","Family, Adventure, Sci-Fi, Fantasy",English,USA,5.9
Return to Halloweentown,movie,TV-PG,2006,"November 12, 2019","Comedy, Family, Fantasy",English,USA,5.6
Return to Oz,movie,PG,1985,"November 12, 2019","Adventure, Family, Fantasy, Horror, Mystery",English,"UK, USA",6.7
Richie Rich's Christmas Wish,movie,G,1998,"November 12, 2019","Comedy, Family",English,USA,4.1
Right on Track,movie,TV-G,2003,"November 12, 2019","Biography, Drama, Family",English,USA,6.3
Rip Girls,movie,TV-G,2000,"November 12, 2019","Drama, Family, Romance",English,"Australia, USA",6.2
Robin Hood,movie,G,1973,"November 12, 2019","Animation, Adventure, Comedy, Family, Romance","English, Portuguese",USA,7.6
Rogue One: A Star Wars Story,movie,PG-13,2016,"November 12, 2019","Action, Adventure, Sci-Fi",English,USA,7.8
Rookie of the Year,movie,PG,1993,"November 12, 2019","Comedy, Family, Fantasy, Sport",English,USA,6.0
Roving Mars,movie,G,2006,"November 12, 2019","Documentary, Short",English,USA,7.2
Running Wild with Bear Grylls,series,TV-14,2014–,"April 10, 2020","Adventure, Comedy, Reality-TV, Talk-Show",English,USA,7.7
Sacred Planet,movie,G,2004,"November 12, 2019","Documentary, Short",English,"Canada, Malaysia, USA",6.0
Saludos Amigos,movie,Approved,1942,"November 12, 2019","Animation, Short, Family, Fantasy, Music","English, Portuguese",USA,6.2
"Sammy, the Way-Out Seal: Part 1",episode,UNRATED,1962,"November 12, 2019","Adventure, Biography, Drama",English,USA,6.5
Sanjay's Super Team,movie,PG,2015,"November 12, 2019","Animation, Short, Action, Family, Fantasy, Thriller",English,USA,6.9
Santa Paws 2: The Santa Pups,movie,G,2012,"November 12, 2019","Adventure, Family",English,USA,4.9
Saving Mr. Banks,movie,PG-13,2013,"November 12, 2019","Biography, Comedy, Drama",English,"USA, UK, Australia",7.5
Science Fair,movie,PG,2018,"November 12, 2019",Documentary,English,USA,7.7
Secret of the Wings,movie,G,2012,"November 12, 2019","Animation, Family, Fantasy",English,"USA, India, UK",7.1
Secretariat,movie,PG,2010,"November 12, 2019","Biography, Drama, Family, History, Sport",English,USA,7.2
Secrets of Life,movie,Passed,1956,"November 12, 2019","Documentary, Family",English,USA,7.8
Shake It Up,series,TV-G,2010–2013,"November 12, 2019","Comedy, Family",English,USA,4.8
Sharpay's Fabulous Adventure,movie,G,2011,"November 12, 2019","Comedy, Drama, Family, Music, Musical, Romance",English,USA,4.7
Sheriff Callie's Wild West,series,TV-Y,2014–,"December 1, 2019","Animation, Short, Action, Adventure, Comedy, Family, Musical, Western","English, French","USA, South Korea, France",6.5
Shipwrecked,movie,PG,1990,"November 12, 2019","Adventure, Family",English,"Norway, Sweden, USA",6.7
Silver Surfer,series,TV-Y7,1998,"November 12, 2019","Animation, Sci-Fi, Action, Thriller",English,"USA, Canada",7.1
The Simpsons Movie,movie,PG-13,2007,"November 12, 2019","Animation, Adventure, Comedy",English,USA,7.3
Sister Act,movie,PG,1992,"November 12, 2019","Comedy, Crime, Family, Music",English,USA,6.4
Sister Act 2: Back in the Habit,movie,PG,1993,"November 12, 2019","Comedy, Family, Music",English,USA,5.6
Skyrunners,movie,TV-PG,2009,"November 12, 2019","Family, Sci-Fi",English,USA,5.0
Sleeping Beauty,movie,G,1959,"November 12, 2019","Animation, Family, Fantasy, Musical, Romance",English,USA,7.2
Smart Guy,series,TV-G,1997–1999,"October 1, 2019","Comedy, Drama, Family",English,USA,7.4
Smart House,movie,TV-G,1999,"November 12, 2019","Comedy, Drama, Family, Sci-Fi",English,USA,6.3
Smash and Grab,movie,PG,2019,"November 12, 2019","Animation, Short, Action, Adventure, Family, Sci-Fi",English,USA,6.7
Snow Dogs,movie,PG,2002,"November 12, 2019","Adventure, Comedy, Family, Sport",English,"Canada, USA",5.2
Snow White and the Seven Dwarfs,movie,G,1937,"November 12, 2019","Animation, Family, Fantasy, Musical, Romance",English,USA,7.6
Snowball Express,movie,G,1972,"November 12, 2019","Comedy, Family",English,USA,6.5
Snowglobe,movie,TV-PG,2007,"November 12, 2019","Comedy, Family, Fantasy, Romance",English,USA,6.0
So Weird,series,TV-Y7,1999–2001,"November 12, 2019","Adventure, Family, Mystery, Thriller",English,Canada,8.5
Sonny with a Chance,series,TV-G,2009–2011,"April 3, 2020","Comedy, Family, Romance",English,USA,6.1
Spider-Man and His Amazing Friends,series,TV-Y7,1981–1986,"November 12, 2019","Animation, Action, Comedy, Crime, Family, Sci-Fi",English,USA,7.2
Spider-Man Unlimited,series,TV-Y7,1999–2005,"November 12, 2019","Action, Family, Adventure, Animation, Thriller, Crime, Sci-Fi",English,"USA, Canada",6.4
Spider-Woman,series,TV-Y7,1979–1980,"November 12, 2019","Animation, Family, Fantasy",English,USA,5.8
Splash,movie,PG,1984,"February 14, 2020","Comedy, Fantasy, Romance","English, Swedish",USA,6.2
Star Wars Rebels,series,TV-Y7-FV,2014–2018,"November 12, 2019","Animation, Action, Adventure, Family, Fantasy, Mystery, Sci-Fi",English,USA,8.0
Star Wars Resistance,series,TV-Y7,2018–,"November 12, 2019","Animation, Action, Adventure, Sci-Fi",English,USA,4.9
Star Wars: Episode IV - A New Hope,movie,PG,1977,"November 12, 2019","Action, Adventure, Fantasy, Sci-Fi",English,USA,8.6
Star Wars: Episode II - Attack of the Clones,movie,PG,2002,"November 12, 2019","Action, Adventure, Fantasy, Sci-Fi",English,USA,6.5
Star Wars: Episode VI - Return of the Jedi,movie,PG,1983,"November 12, 2019","Action, Adventure, Fantasy, Sci-Fi",English,USA,8.3
Star Wars: Episode III - Revenge of the Sith,movie,PG-13,2005,"November 12, 2019","Action, Adventure, Fantasy, Sci-Fi",English,USA,7.5
Star Wars: The Clone Wars,series,TV-PG,2008–2020,"November 12, 2019","Animation, Action, Adventure, Drama, Fantasy, Sci-Fi",English,USA,8.1
Star Wars: The Clone Wars,movie,PG,2008,"November 12, 2019","Animation, Action, Adventure, Family, Fantasy, Sci-Fi",English,USA,5.9
Star Wars: Episode V - The Empire Strikes Back,movie,PG,1980,"November 12, 2019","Action, Adventure, Fantasy, Sci-Fi",English,USA,8.7
Star Wars: Episode VII - The Force Awakens,movie,PG-13,2015,"November 12, 2019","Action, Adventure, Sci-Fi",English,USA,7.9
Star Wars: Episode VIII - The Last Jedi,movie,PG-13,2017,"December 26, 2019","Action, Adventure, Fantasy, Sci-Fi",English,USA,7.0
Star Wars: Episode I - The Phantom Menace,movie,PG,1999,"November 12, 2019","Action, Adventure, Fantasy, Sci-Fi",English,USA,6.5
Stargirl,movie,PG,2020,"March 13, 2020","Comedy, Drama, Romance",English,USA,6.2
StarStruck,movie,TV-G,2010,"November 12, 2019","Comedy, Family, Music, Romance",English,USA,6.1
Steamboat Willie,movie,TV-Y7,1928,"November 12, 2019","Animation, Short, Comedy, Family, Musical",English,USA,7.6
Stepsister from Planet Weird,movie,TV-G,2000,"November 12, 2019","Comedy, Family, Sci-Fi",English,USA,6.0
Stitch! The Movie,movie,G,2003,"November 12, 2019","Animation, Adventure, Comedy, Family, Sci-Fi","Hawaiian, English",USA,6.2
Stonehenge: Decoded,movie,PG,2008,"November 12, 2019","Documentary, History",English,UK,6.5
Stuck in the Suburbs,movie,TV-G,2004,"November 12, 2019","Comedy, Family, Music",English,USA,5.6
The Sultan and the Rock Star,episode,UNRATED,1980,"November 12, 2019","Adventure, Biography, Drama",English,USA,7.1
Super Rhino,movie,G,2009,"January 1, 2020","Animation, Short, Adventure, Comedy, Family",English,USA,6.3
Swiss Family Robinson,movie,G,1960,"November 12, 2019","Adventure, Family",English,USA,7.2
TaleSpin,series,TV-Y7,1990–1991,"November 12, 2019","Animation, Action, Adventure, Comedy, Drama, Family, Fantasy, Mystery",English,USA,7.6
Tall Tale,movie,PG,1995,"November 12, 2019","Adventure, Family, Fantasy, Western",English,USA,5.9
Tangled,movie,PG,2010,"November 12, 2019","Animation, Adventure, Comedy, Family, Fantasy, Musical, Romance",English,USA,7.7
Tangled: Before Ever After,movie,TV-Y7,2017,"November 12, 2019","Animation, Action, Adventure, Comedy, Family, Fantasy, Musical",English,USA,6.6
Tangled: The Series,series,TV-Y7,2017–2020,"November 12, 2019","Animation, Action, Adventure, Comedy, Family, Fantasy, Musical","English, Czech",USA,7.6
Tarzan & Jane,movie,G,2002,"November 12, 2019","Animation, Adventure, Family",English,USA,5.4
Teacher's Pet,movie,PG,2004,"November 12, 2019","Animation, Adventure, Comedy, Family, Fantasy, Musical, Sci-Fi",English,USA,5.8
Teacher's Pet,series,TV-Y,2000–2005,"November 12, 2019","Animation, Short, Adventure, Comedy, Family, Fantasy",English,USA,6.4
Teen Beach 2,movie,TV-G,2015,"November 12, 2019","Family, Fantasy, Musical",English,USA,6.1
Teen Beach Movie,movie,Not Rated,2013,"November 12, 2019","Family, Fantasy, Musical",English,USA,5.9
Teen Spirit,movie,TV-PG,2011,"November 12, 2019","Comedy, Drama, Fantasy",English,USA,5.5
That Darn Cat,movie,PG,1997,"November 12, 2019","Action, Comedy, Crime, Family, Mystery",English,USA,4.7
That Darn Cat!,movie,Approved,1965,"November 12, 2019","Comedy, Crime, Family, Thriller","English, French",USA,6.8
That's So Raven,series,TV-G,2003–2007,"October 1, 2019","Comedy, Family, Fantasy",English,USA,6.5
The Absent Minded Professor,movie,Approved,1961,"November 12, 2019","Comedy, Family, Sci-Fi, Sport",English,USA,6.8
The Adventures of Bullwhip Griffin,movie,Approved,1967,"November 12, 2019","Action, Adventure, Comedy, Family, Romance, Western",English,USA,6.6
The Adventures of Huck Finn,movie,PG,1993,"November 12, 2019","Adventure, Comedy, Drama, Family","English, French",USA,6.2
The Adventures of Ichabod and Mr. Toad,movie,Approved,1949,"November 12, 2019","Animation, Comedy, Family, Fantasy, Horror",English,USA,7.0
The African Lion,movie,Approved,1955,"November 12, 2019","Family, Documentary",English,USA,7.3
The Apple Dumpling Gang,movie,G,1975,"November 12, 2019","Comedy, Family, Western",English,USA,6.5
The Apple Dumpling Gang Rides Again,movie,G,1979,"November 12, 2019","Comedy, Family, Western",English,USA,6.1
The Aristocats,movie,G,1970,"November 12, 2019","Animation, Adventure, Comedy, Family, Musical",English,USA,7.1
The Art of Skiing,movie,Approved,1941,"November 12, 2019","Animation, Short, Comedy, Family, Sport",English,USA,7.3
The Avengers: Earth's Mightiest Heroes,series,TV-Y7,2010–2012,"November 12, 2019","Animation, Action, Family, Sci-Fi",English,USA,8.3
Avengers: United They Stand,series,TV-Y7,1999–2000,"November 12, 2019","Animation, Action, Adventure, Sci-Fi",English,"France, Canada, USA",5.5
The Band Concert,movie,TV-Y7,1935,"November 12, 2019","Animation, Short, Comedy, Family, Music",English,USA,7.9
The Bears and I,movie,G,1974,"November 12, 2019","Drama, Family",English,USA,6.2
The BFG,movie,PG,2016,"November 12, 2019","Adventure, Family, Fantasy",English,"USA, India, UK",6.4
The Big Bad Wolf,movie,Approved,1934,"November 12, 2019","Animation, Comedy, Family, Musical, Short",English,USA,7.1
The Biscuit Eater,movie,G,1972,"November 12, 2019","Drama, Family",English,USA,5.7
The Black Cauldron,movie,PG,1985,"November 12, 2019","Animation, Action, Adventure, Family, Fantasy, Horror","English, Portuguese","USA, UK",6.4
The Black Hole,movie,PG,1979,"November 12, 2019","Action, Sci-Fi",English,USA,6.0
The Blue Umbrella,movie,G,2013,"November 12, 2019","Animation, Short, Family, Fantasy, Romance",English,USA,7.6
The Book of Pooh,series,TV-Y,2001–2004,"November 12, 2019","Animation, Short, Adventure, Comedy, Family, Musical",English,USA,6.3
The Brave Little Toaster Goes to Mars,movie,Not Rated,1998,"November 12, 2019","Animation, Adventure, Family, Sci-Fi",English,USA,5.7
The Castaway Cowboy,movie,G,1974,"November 12, 2019","Comedy, Family, Western",English,USA,5.9
The Cat from Outer Space,movie,G,1978,"October 1, 2019","Comedy, Family, Sci-Fi",English,USA,6.1
The Cheetah Girls,movie,TV-G,2003,"November 12, 2019","Comedy, Drama, Family, Music, Musical","English, Spanish","Canada, USA",4.8
The Cheetah Girls 2,movie,TV-G,2006,"November 12, 2019","Comedy, Drama, Family, Music, Musical","English, Spanish",USA,5.0
The Cheetah Girls: One World,movie,TV-G,2008,"November 12, 2019","Comedy, Drama, Family, Musical",English,USA,4.7
The Christmas Star,movie,TV-G,1986,"November 12, 2019","Drama, Family",English,"Canada, USA",6.5
The Chronicles of Narnia: Prince Caspian,movie,PG,2008,"November 12, 2019","Action, Adventure, Family, Fantasy",English,"USA, Poland, Slovenia, Czech Republic, UK",6.5
"The Chronicles of Narnia: The Lion, the Witch and the Wardrobe",movie,PG,2005,"November 12, 2019","Adventure, Family, Fantasy","English, German, Brazilian Sign Language","UK, USA",6.9
The Color of Friendship,movie,TV-G,2000,"November 12, 2019","Biography, Drama, Family",English,"Canada, USA",7.4
The Computer Wore Tennis Shoes,movie,G,1969,"November 12, 2019","Comedy, Family, Sci-Fi",English,USA,6.0
The Country Bears,movie,G,2002,"November 12, 2019","Comedy, Family, Music, Musical",English,USA,4.1
The Emperor's New Groove,movie,G,2000,"November 12, 2019","Animation, Adventure, Comedy, Family, Fantasy",English,USA,7.3
The Even Stevens Movie,movie,TV-G,2003,"November 12, 2019","Comedy, Family",English,USA,6.2
The Finest Hours,movie,PG-13,2016,"March 6, 2020","Action, Drama, History, Thriller",English,USA,6.8
The Fox and the Hound,movie,G,1981,"November 12, 2019","Animation, Adventure, Drama, Family",English,USA,7.3
The Fox and the Hound 2,movie,G,2006,"November 12, 2019","Animation, Adventure, Comedy, Family, Musical",English,USA,5.3
The Game Plan,movie,PG,2007,"November 12, 2019","Comedy, Family, Sport",English,USA,6.1
The Goddess of Spring,movie,APPROVED,1934,"November 12, 2019","Animation, Short, Family, Fantasy, Musical",English,USA,6.9
The Good Dinosaur,movie,PG,2015,"November 12, 2019","Animation, Adventure, Comedy, Drama, Family, Fantasy",English,USA,6.7
The Great Mouse Detective,movie,G,1986,"October 1, 2019","Animation, Adventure, Family, Musical, Mystery","English, French, German, Italian",USA,7.2
The Great Muppet Caper,movie,G,1981,"November 12, 2019","Adventure, Comedy, Crime, Family, Musical, Mystery",English,"UK, USA",7.2
The Greatest Game Ever Played,movie,PG,2005,"November 12, 2019","Biography, Drama, Sport",English,"USA, Canada",7.4
The Haunted Mansion,movie,PG,2003,"November 12, 2019","Comedy, Family, Fantasy, Horror, Mystery",English,USA,5.0
The Hockey Champ,movie,Approved,1939,"November 12, 2019","Animation, Short, Comedy, Family, Sport",English,USA,7.1
The Hunchback of Notre Dame,movie,G,1996,"November 12, 2019","Animation, Drama, Family, Musical, Romance","English, Latin","USA, France",6.9
The Hunchback of Notre Dame 2: The Secret of the Bell,movie,G,2002,"November 12, 2019","Animation, Adventure, Comedy, Drama, Family, Musical, Romance",English,USA,4.7
The Incredible Journey,movie,G,1963,"November 12, 2019","Adventure, Drama, Family",English,"Canada, USA",7.1
The Incredibles,movie,PG,2004,"November 12, 2019","Animation, Action, Adventure, Family","English, French",USA,8.0
The Journey of Natty Gann,movie,PG,1985,"November 12, 2019","Adventure, Family",English,USA,7.0
The Jungle Book,movie,G,1967,"November 12, 2019","Animation, Adventure, Family, Musical",English,USA,7.6
The Jungle Book 2,movie,G,2003,"November 12, 2019","Animation, Adventure, Family, Musical",English,"USA, Australia",5.4
The Jungle Book: Mowgli's Story,movie,G,1998,"November 12, 2019","Adventure, Family",English,USA,4.2
The Last Song,movie,PG,2010,"April 1, 2020","Drama, Music, Romance",English,USA,6.0
The Lion King,movie,PG,2019,"January 28, 2020","Animation, Adventure, Drama, Family, Musical","English, Xhosa, Zulu, French, Spanish","USA, UK",6.9
The Lion King 3: Hakuna Matata,movie,G,2004,"November 12, 2019","Animation, Adventure, Comedy, Family, Musical",English,"Australia, USA",6.6
The Lion King 2: Simba's Pride,movie,G,1998,"November 12, 2019","Animation, Adventure, Drama, Family, Musical, Romance",English,"USA, Australia",6.5
The Lion King,movie,G,1994,"November 12, 2019","Animation, Adventure, Drama, Family, Musical","English, Swahili, Xhosa, Zulu",USA,8.5
The Little Mermaid,movie,G,1989,"November 12, 2019","Animation, Family, Fantasy, Musical, Romance","English, French",USA,7.6
The Little Mermaid 2: Return to the Sea,movie,G,2000,"November 12, 2019","Animation, Drama, Family, Fantasy, Musical",English,"USA, Canada, Australia, Taiwan",5.6
The Little Mermaid: Ariel's Beginning,movie,G,2008,"November 12, 2019","Animation, Drama, Family, Fantasy, Musical",English,USA,6.3
The Living Desert,movie,Passed,1953,"November 12, 2019","Family, Documentary",English,USA,7.5
Lizzie McGuire,movie,PG,2003,"November 12, 2019","Adventure, Comedy, Family, Music, Romance","English, Italian",USA,5.5
The Love Bug,movie,G,1968,"November 12, 2019","Comedy, Family, Sport","English, Cantonese, Spanish",USA,6.5
The Mandalorian,series,TV-PG,2019–,"November 12, 2019","Action, Adventure, Sci-Fi",English,USA,8.7
The Many Adventures of Winnie the Pooh,movie,G,1977,"November 12, 2019","Animation, Adventure, Comedy, Family, Musical",English,USA,7.6
The Million Dollar Duck,movie,G,1971,"November 12, 2019","Comedy, Family, Sci-Fi",English,USA,5.9
The Mistle-Tones,movie,TV-PG,2012,"November 12, 2019","Comedy, Family, Music",English,USA,6.7
The Muppet Christmas Carol,movie,G,1992,"November 12, 2019","Comedy, Drama, Family, Fantasy, Musical",English,"USA, UK",7.7
The Muppet Movie,movie,G,1979,"November 12, 2019","Adventure, Comedy, Family, Musical",English,"UK, USA",7.6
The Muppets,movie,PG,2011,"November 12, 2019","Adventure, Comedy, Family, Musical",English,USA,7.1
The Muppets.,series,TV-PG,2015–2016,"November 12, 2019","Comedy, Family",English,USA,7.4
The New Adventures of Winnie the Pooh,series,TV-Y,1988–1991,"November 12, 2019","Animation, Adventure, Comedy, Family, Fantasy, Musical",English,USA,7.6
The Odd Life of Timothy Green,movie,PG,2012,"April 1, 2020","Comedy, Drama, Family, Fantasy",English,USA,6.6
The Old Mill,movie,Approved,1937,"November 12, 2019","Animation, Short, Comedy, Family, Musical",None,USA,7.9
The Olympic Champ,movie,Approved,1942,"November 12, 2019","Animation, Short, Comedy, Family, Sport",English,USA,7.1
The Olympic Elk,movie,Approved,1952,"April 24, 2020","Documentary, Short",English,USA,7.2
The Other Me,movie,TV-G,2000,"November 12, 2019","Comedy, Family, Sci-Fi",English,USA,6.1
The Parent Trap,movie,Passed,1961,"November 12, 2019","Comedy, Family, Romance",English,USA,7.1
The Parent Trap,movie,PG,1998,"November 12, 2019","Adventure, Comedy, Drama, Family, Romance","English, French","USA, UK",6.5
The Plausible Impossible,episode,Unrated,1956,"November 12, 2019","Adventure, Biography, Drama",English,USA,8.1
The Poof Point,movie,TV-G,2001,"November 12, 2019","Comedy, Family, Sci-Fi",English,USA,4.7
The Prince and the Pauper,movie,TV-PG,1962,"November 12, 2019",Adventure,English,UK,6.2
The Prince and the Pauper,movie,G,1990,"November 12, 2019","Animation, Short, Adventure, Comedy, Family",English,USA,7.1
The Princess and the Frog,movie,G,2009,"November 12, 2019","Animation, Adventure, Comedy, Family, Fantasy, Musical, Romance","English, French",USA,7.1
The Princess Bride,movie,PG,1987,"May 1, 2020","Adventure, Family, Fantasy, Romance",English,USA,8.1
The Princess Diaries,movie,G,2001,"November 12, 2019","Comedy, Family, Romance","English, Dutch, Italian","USA, UK",6.3
The Princess Diaries 2: Royal Engagement,movie,G,2004,"November 12, 2019","Comedy, Family, Romance","English, Greek, French, Spanish",USA,5.8
The Proud Family,series,TV-Y,2001–2005,"January 1, 2020","Animation, Comedy, Family, Fantasy",English,USA,6.4
The Proud Family Movie,movie,TV-G,2005,"November 12, 2019","Animation, Adventure, Comedy, Family, Fantasy, Sci-Fi",English,USA,5.4
The Reluctant Dragon,movie,Approved,1941,"November 12, 2019","Animation, Comedy, Family",English,USA,6.9
The Replacements,series,TV-Y,2006–2009,"November 12, 2019","Animation, Comedy, Family, Sci-Fi",English,USA,5.8
The Rescuers,movie,G,1977,"November 12, 2019","Animation, Adventure, Comedy, Family, Fantasy",English,USA,6.9
The Rescuers Down Under,movie,G,1990,"November 12, 2019","Animation, Adventure, Crime, Drama, Family, Fantasy, Mystery",English,USA,6.9
The Rocketeer,movie,PG,1991,"November 12, 2019","Action, Adventure, Family, Sci-Fi","English, German",USA,6.5
The Rookie,movie,G,2002,"November 12, 2019","Drama, Family, Sport",English,USA,6.9
The Sandlot: Heading Home,movie,PG,2007,"March 6, 2020","Family, Sport",English,"USA, Canada",5.0
The Santa Clause,movie,PG,1994,"November 12, 2019","Comedy, Drama, Family, Fantasy","English, Spanish","USA, Canada",6.5
The Santa Clause 2,movie,G,2002,"November 12, 2019","Comedy, Family, Fantasy",English,"USA, Canada",5.6
The Santa Clause 3: The Escape Clause,movie,G,2006,"November 12, 2019","Adventure, Comedy, Family, Fantasy",English,"USA, Canada",4.7
The Scream Team,movie,TV-PG,2002,"November 12, 2019","Comedy, Family, Fantasy, Horror",English,USA,6.7
The Secret of the Magic Gourd,movie,G,2007,"November 12, 2019","Drama, Family","Mandarin, English","China, Hong Kong, USA",5.3
The Shaggy D.A.,movie,G,1976,"November 12, 2019","Comedy, Family, Fantasy",English,USA,5.9
The Shaggy Dog,movie,Approved,1959,"November 12, 2019","Family, Comedy, Fantasy",English,USA,6.5
The Sign of Zorro,movie,Approved,1958,"November 12, 2019","Adventure, Drama, Family, Romance, Western",English,USA,7.1
The Simpsons,series,TV-PG,1989–,"November 12, 2019","Animation, Comedy","English, Spanish, Albanian, French, Japanese, German, Russian, Hindi, Swahili, Italian, Swedish, Turkish, Cantonese, Mandarin, Hebrew, Arabic, Klingon, Bengali, Czech",USA,8.7
The Small One,movie,G,1978,"April 3, 2020","Animation, Short, Family",English,USA,7.8
The Sound of Music,movie,G,1965,"November 12, 2019","Biography, Drama, Family, Musical, Romance","English, German",USA,8.0
The Story of Robin Hood and His Merrie Men,movie,Approved,1952,"November 12, 2019","Action, Adventure, Family",English,UK,6.7
The Straight Story,movie,G,1999,"April 3, 2020","Biography, Drama",English,"France, UK, USA",8.0
The Strongest Man in the World,movie,G,1975,"November 12, 2019","Comedy, Family, Sci-Fi",English,USA,6.1
The Suite Life Movie,movie,Not Rated,2011,"November 12, 2019","Adventure, Comedy, Crime, Drama, Family, Sci-Fi",English,USA,5.3
The Suite Life of Zack & Cody,series,TV-G,2005–2008,"November 12, 2019","Comedy, Family",English,USA,6.5
The Suite Life on Deck,series,TV-G,2008–2011,"November 12, 2019","Action, Adventure, Comedy, Family",English,USA,6.3
The Super Hero Squad Show,series,TV-Y7,2009–2011,"January 1, 2020","Animation, Action, Comedy, Family, Sci-Fi",English,USA,6.1
The Swap,movie,TV-G,2016,"November 12, 2019","Comedy, Family, Fantasy",English,USA,6.1
The Sword in the Stone,movie,G,1963,"October 1, 2019","Animation, Adventure, Comedy, Family, Fantasy, Musical",English,USA,7.2
The Thirteenth Year,movie,TV-G,1999,"November 12, 2019","Comedy, Family, Fantasy",English,USA,6.0
The Three Caballeros,movie,Approved,1944,"November 12, 2019","Animation, Comedy, Family, Fantasy, Musical","English, Spanish, Portuguese",USA,6.5
The Three Musketeers,movie,PG,1993,"November 12, 2019","Action, Adventure, Comedy, Family, Romance",English,"Austria, UK, USA",6.4
The Tigger Movie,movie,G,2000,"November 12, 2019","Animation, Comedy, Drama, Family, Musical",English,"USA, Japan",6.3
The Tortoise and the Hare,movie,Approved,1935,"November 12, 2019","Animation, Short, Comedy, Family",English,USA,7.2
The Ugly Dachshund,movie,Not Rated,1966,"November 12, 2019","Comedy, Family","English, Japanese",USA,6.7
Ugly Duckling,movie,Approved,1939,"November 12, 2019","Animation, Short, Comedy, Family",None,USA,7.6
The Ultimate Christmas Present,movie,TV-G,2000,"November 12, 2019","Comedy, Family",English,"Canada, USA",5.9
The Vanishing Prairie,movie,Approved,1954,"November 12, 2019","Documentary, Family",English,USA,7.7
The Wild,movie,G,2006,"November 12, 2019","Animation, Adventure, Comedy, Family",English,"Canada, USA",5.3
The Wizards Return: Alex vs. Alex,movie,TV-G,2013,"November 12, 2019","Adventure, Comedy, Drama, Family, Fantasy","English, Italian",USA,6.5
The Little Mermaid Live!,movie,TV-PG,2019,"November 27, 2019",Musical,English,USA,5.5
The Young Black Stallion,movie,G,2003,"November 12, 2019","Adventure, Family, Drama",English,USA,5.6
Those Calloways,movie,Approved,1965,"October 1, 2019","Drama, Family",English,USA,6.8
Three Days,movie,TV-G,2001,"November 12, 2019","Drama, Family, Fantasy",English,USA,7.2
Three Little Pigs,movie,Passed,1933,"November 12, 2019","Animation, Short, Comedy, Family, Musical",English,USA,7.5
Three Men and a Baby,movie,PG,1987,"November 12, 2019","Comedy, Drama, Family",English,USA,6.0
Three Men and a Little Lady,movie,PG,1990,"November 12, 2019","Comedy, Drama, Family, Romance",English,USA,5.4
Thumbelina,movie,G,1994,"November 12, 2019","Animation, Family, Fantasy, Musical, Romance",English,"Ireland, USA, Canada, UK, Denmark, Spain, Poland, Hungary",6.3
Tiger Cruise,movie,TV-PG,2004,"November 12, 2019","Drama, Family",English,USA,6.2
The Nightmare Before Christmas,movie,PG,1993,"November 12, 2019","Animation, Family, Fantasy, Musical",English,USA,8.0
Timmy Failure: Mistakes Were Made,movie,PG,2020,"February 7, 2020","Adventure, Comedy, Drama, Family, Fantasy",English,USA,6.1
Timon & Pumbaa,series,TV-Y,1995–1999,"November 12, 2019","Animation, Adventure, Comedy, Family","English, Telugu",USA,7.1
Tin Toy,movie,G,1988,"November 12, 2019","Animation, Short, Family, Fantasy",English,USA,6.5
Tinker Bell,movie,G,2008,"November 12, 2019","Animation, Adventure, Family, Fantasy",English,USA,6.8
Tinker Bell and the Great Fairy Rescue,movie,G,2010,"November 12, 2019","Animation, Adventure, Family, Fantasy",English,USA,6.9
Tinker Bell and the Lost Treasure,movie,G,2009,"November 12, 2019","Animation, Adventure, Family, Fantasy",English,USA,6.7
Toby Tortoise Returns,movie,APPROVED,1936,"November 12, 2019","Animation, Short, Comedy",English,USA,7.0
Togo,movie,PG,2019,"December 20, 2019","Adventure, Biography, Drama, Family, History",English,USA,8.1
Tom and Huck,movie,PG,1995,"November 12, 2019","Adventure, Comedy, Drama, Family, Romance, Western",English,USA,5.5
Toy Story,movie,G,1995,"November 12, 2019","Animation, Adventure, Comedy, Family, Fantasy",English,USA,8.3
Toy Story 2,movie,G,1999,"November 12, 2019","Animation, Adventure, Comedy, Family, Fantasy","English, Arabic, Spanish",USA,7.9
Toy Story 3,movie,G,2010,"November 12, 2019","Animation, Adventure, Comedy, Family, Fantasy","English, Spanish",USA,8.3
Toy Story 4,movie,G,2019,"February 5, 2020","Animation, Adventure, Comedy, Family, Fantasy",English,USA,7.8
Toy Story Toons: Hawaiian Vacation,movie,G,2011,"November 12, 2019","Animation, Short, Comedy, Family, Fantasy","English, Spanish",USA,7.3
Toy Story Toons: Small Fry,movie,G,2011,"November 12, 2019","Animation, Short, Comedy, Family, Fantasy",English,USA,7.1
Trail of the Panda,movie,G,2009,"November 12, 2019","Adventure, Family",Mandarin,China,6.4
Treasure Island,movie,PG,1950,"November 12, 2019","Adventure, Family",English,UK,6.9
Treasure of Matecumbe,movie,G,1976,"November 12, 2019","Adventure, Family, Western",English,USA,6.3
Treasure Planet,movie,PG,2002,"November 12, 2019","Animation, Adventure, Family, Sci-Fi",English,USA,7.2
TRON,movie,PG,1982,"November 12, 2019","Action, Adventure, Sci-Fi",English,USA,6.8
TRON: Uprising,series,TV-Y7,2012–2013,"November 12, 2019","Animation, Action, Adventure, Family, Sci-Fi",English,USA,8.2
TRON: Legacy,movie,PG,2010,"November 12, 2019","Action, Adventure, Sci-Fi",English,USA,6.8
Tru Confessions,movie,TV-G,2002,"November 12, 2019","Drama, Comedy, Family",English,"USA, Canada",7.5
Tuck Everlasting,movie,PG,2002,"November 12, 2019","Drama, Family, Fantasy, Romance","English, French",USA,6.6
Turner & Hooch,movie,PG,1989,"November 12, 2019","Comedy, Crime, Drama, Thriller",English,USA,6.2
'Twas the Night,movie,TV-G,2001,"November 12, 2019","Comedy, Family",English,USA,5.5
Twitches,movie,TV-PG,2005,"November 12, 2019","Comedy, Drama, Family, Fantasy",English,USA,5.7
Twitches Too,movie,TV-PG,2007,"November 12, 2019","Drama, Family, Fantasy",English,USA,5.8
Unidentified Flying Oddball,movie,G,1979,"November 12, 2019","Comedy, Family, Adventure, Fantasy, Sci-Fi",English,USA,5.3
Up,movie,PG,2009,"November 12, 2019","Animation, Adventure, Comedy, Family",English,USA,8.2
"Up, Up, and Away!",movie,TV-G,2000,"November 12, 2019","Comedy, Family, Fantasy, Sci-Fi",English,"Canada, USA",5.6
Valiant,movie,G,2005,"November 12, 2019","Animation, Adventure, Comedy, Family, War",English,"UK, USA",5.5
Violetta,series,TV-G,2012–,"November 12, 2019","Drama, Family, Music, Romance",Spanish,Argentina,5.2
Waking Sleeping Beauty,movie,PG,2009,"November 12, 2019",Documentary,English,USA,7.6
WALL·E,movie,G,2008,"November 12, 2019","Animation, Adventure, Family, Sci-Fi",English,USA,8.4
Water Birds,movie,APPROVED,1952,"May 1, 2020","Documentary, Short, Family",English,USA,6.9
Wendy Wu: Homecoming Warrior,movie,TV-PG,2006,"November 12, 2019","Action, Adventure, Family","English, Mandarin, Cantonese",USA,5.4
Whispers: An Elephant's Tale,movie,G,2000,"November 12, 2019",Family,English,USA,5.0
White Fang,movie,PG,1991,"November 12, 2019","Adventure, Drama",English,USA,6.7
Who Framed Roger Rabbit,movie,PG,1988,"November 12, 2019","Animation, Adventure, Comedy, Crime, Family, Fantasy, Mystery",English,USA,7.7
Wicked Tuna,series,TV-14,2012–,"February 1, 2020",Reality-TV,English,USA,6.6
Willow,movie,PG,1988,"November 12, 2019","Action, Adventure, Drama, Fantasy, Romance",English,USA,7.3
Winnie the Pooh,movie,G,2011,"November 12, 2019","Animation, Adventure, Comedy, Family, Musical",English,USA,7.2
Winnie the Pooh: A Very Merry Pooh Year,movie,G,2002,"November 12, 2019","Animation, Comedy, Drama, Family, Fantasy, Musical",English,USA,6.8
Winnie the Pooh: Springtime with Roo,movie,G,2003,"November 12, 2019","Animation, Adventure, Comedy, Drama, Family, Musical","English, Arabic",USA,6.5
Winter Storage,movie,Approved,1949,"November 12, 2019","Animation, Comedy, Family, Short",English,USA,7.4
Wizards of Waverly Place,series,TV-G,2007–2012,"November 12, 2019","Adventure, Comedy, Drama, Family, Fantasy",English,USA,6.8
Wizards of Waverly Place: The Movie,movie,TV-G,2009,"November 12, 2019","Adventure, Comedy, Drama, Family, Fantasy",English,USA,6.2
Wolverine and the X-Men,series,TV-Y7,2008–2009,"November 12, 2019","Animation, Action, Adventure, Drama, Sci-Fi",English,USA,8.0
Wreck-It Ralph,movie,PG,2012,"November 12, 2019","Animation, Adventure, Comedy, Family, Fantasy",English,USA,7.7
X-Men: Evolution,series,TV-Y7,2000–2003,"November 12, 2019","Animation, Action, Drama, Fantasy, Romance, Sci-Fi, Thriller",English,USA,7.9
Yellowstone Cubs,movie,Not Rated,1963,"November 12, 2019",Family,English,USA,6.9
You Lucky Dog,movie,TV-G,1998,"November 12, 2019","Comedy, Family, Fantasy, Mystery",English,USA,4.7
You Wish!,movie,TV-G,2003,"November 12, 2019","Comedy, Family, Fantasy, Drama",English,"New Zealand, USA",6.1
Your Friend the Rat,movie,G,2007,"November 12, 2019","Animation, Short, Comedy, Family",English,USA,7.1
Z-O-M-B-I-E-S,movie,TV-G,2018,"November 12, 2019","Family, Musical, Romance",English,USA,6.3
Zapped,movie,TV-G,2014,"November 12, 2019","Comedy, Family, Fantasy",English,"Canada, USA",5.1
Zenon: Girl of the 21st Century,movie,TV-G,1999,"November 12, 2019","Adventure, Comedy, Family, Sci-Fi",English,USA,6.4
Zenon: The Zequel,movie,TV-G,2001,"November 12, 2019","Comedy, Family, Adventure, Sci-Fi",English,"USA, New Zealand",5.9
Zenon: Z3,movie,TV-G,2004,"November 12, 2019","Adventure, Comedy, Family, Sci-Fi",English,USA,5.5
Zootopia,movie,PG,2016,"November 12, 2019","Animation, Adventure, Comedy, Crime, Family, Mystery",English,USA,8.0
